entity_type;bundle;deleted;entity_id;revision_id;language;delta;field_associ_s_nid
node;imprimeur_lithographe;0;21550;21550;und;0;22637
node;imprimeur_lithographe;0;21556;21556;und;0;23203
node;imprimeur_lithographe;0;21559;21559;und;0;26676
node;imprimeur_lithographe;0;21569;21569;und;0;22432
node;imprimeur_lithographe;0;21588;21588;und;0;22898
node;imprimeur_lithographe;0;21608;21608;und;0;23646
node;imprimeur_lithographe;0;21630;21630;und;0;23021
node;imprimeur_lithographe;0;21866;21866;und;0;22685
node;imprimeur_lithographe;0;21878;21878;und;0;22248
node;imprimeur_lithographe;0;21892;21892;und;0;22964
node;imprimeur_lithographe;0;21899;21899;und;0;22152
node;imprimeur_lithographe;0;21922;21922;und;0;22980
node;imprimeur_lithographe;0;21926;21926;und;0;22916
node;imprimeur_lithographe;0;21940;21940;und;0;22701
node;imprimeur_lithographe;0;21941;21941;und;0;22256
node;imprimeur_lithographe;0;21977;21977;und;0;22837
node;imprimeur_lithographe;0;22005;22005;und;0;23025
node;imprimeur_lithographe;0;22013;22013;und;0;22965
node;imprimeur_lithographe;0;22043;22043;und;0;23156
node;imprimeur_lithographe;0;22046;22046;und;0;22875
node;imprimeur_lithographe;0;22055;22055;und;0;23202
node;imprimeur_lithographe;0;22075;22075;und;0;22505
node;imprimeur_lithographe;0;22108;22108;und;0;22274
node;imprimeur_lithographe;0;22132;22132;und;0;22847
node;imprimeur_lithographe;0;22133;22133;und;0;25411
node;imprimeur_lithographe;0;22137;22137;und;0;23060
node;imprimeur_lithographe;0;22166;22166;und;0;22494
node;imprimeur_lithographe;0;22167;22167;und;0;24054
node;imprimeur_lithographe;0;22192;22192;und;0;22193
node;imprimeur_lithographe;0;22193;22193;und;0;22192
node;imprimeur_lithographe;0;22196;22196;und;0;21964
node;imprimeur_lithographe;0;22248;22248;und;0;21878
node;imprimeur_lithographe;0;22251;22251;und;0;22610
node;imprimeur_lithographe;0;22251;22251;und;1;22993
node;imprimeur_lithographe;0;22261;22261;und;0;22541
node;imprimeur_lithographe;0;22274;22274;und;0;22430
node;imprimeur_lithographe;0;22285;22285;und;0;23127
node;imprimeur_lithographe;0;22356;22356;und;0;22358
node;imprimeur_lithographe;0;22358;22358;und;0;22356
node;imprimeur_lithographe;0;22370;22370;und;0;23201
node;imprimeur_lithographe;0;22375;22375;und;0;22516
node;imprimeur_lithographe;0;22387;22387;und;0;23002
node;imprimeur_lithographe;0;22430;22430;und;0;22274
node;imprimeur_lithographe;0;22433;22433;und;0;23050
node;imprimeur_lithographe;0;22464;22464;und;0;22623
node;imprimeur_lithographe;0;22465;22465;und;0;22355
node;imprimeur_lithographe;0;22470;22470;und;0;22902
node;imprimeur_lithographe;0;22505;22505;und;0;22075
node;imprimeur_lithographe;0;22507;22507;und;0;22381
node;imprimeur_lithographe;0;22516;22516;und;0;22866
node;imprimeur_lithographe;0;22516;22516;und;1;22375
node;imprimeur_lithographe;0;22531;22531;und;0;22614
node;imprimeur_lithographe;0;22544;22544;und;0;23199
node;imprimeur_lithographe;0;22572;22572;und;0;22967
node;imprimeur_lithographe;0;22584;22584;und;0;22823
node;imprimeur_lithographe;0;22623;22623;und;0;22464
node;imprimeur_lithographe;0;22633;22633;und;0;22619
node;imprimeur_lithographe;0;22637;22637;und;0;21550
node;imprimeur_lithographe;0;22658;22658;und;0;27153
node;imprimeur_lithographe;0;22685;22685;und;0;21866
node;imprimeur_lithographe;0;22701;22701;und;0;21940
node;imprimeur_lithographe;0;22772;22772;und;0;22458
node;imprimeur_lithographe;0;22774;22774;und;0;22073
node;imprimeur_lithographe;0;22776;22776;und;0;22316
node;imprimeur_lithographe;0;22790;22790;und;0;22219
node;imprimeur_lithographe;0;22800;22800;und;0;22082
node;imprimeur_lithographe;0;22823;22823;und;0;22584
node;imprimeur_lithographe;0;22837;22837;und;0;21977
node;imprimeur_lithographe;0;22862;22862;und;0;27144
node;imprimeur_lithographe;0;22866;22866;und;0;22516
node;imprimeur_lithographe;0;22882;22882;und;0;22641
node;imprimeur_lithographe;0;22898;22898;und;0;22838
node;imprimeur_lithographe;0;22901;22901;und;0;23170
node;imprimeur_lithographe;0;22964;22964;und;0;21892
node;imprimeur_lithographe;0;22965;22965;und;0;22468
node;imprimeur_lithographe;0;22965;22965;und;1;23104
node;imprimeur_lithographe;0;22967;22967;und;0;22614
node;imprimeur_lithographe;0;22976;22976;und;0;23101
node;imprimeur_lithographe;0;22996;22996;und;0;22548
node;imprimeur_lithographe;0;23007;23007;und;0;22111
node;imprimeur_lithographe;0;23008;23008;und;0;22795
node;imprimeur_lithographe;0;23018;23018;und;0;23019
node;imprimeur_lithographe;0;23019;23019;und;0;23018
node;imprimeur_lithographe;0;23020;23020;und;0;22938
node;imprimeur_lithographe;0;23025;23025;und;0;22005
node;imprimeur_lithographe;0;23050;23050;und;0;22433
node;imprimeur_lithographe;0;23060;23060;und;0;22137
node;imprimeur_lithographe;0;23101;23101;und;0;22976
node;imprimeur_lithographe;0;23118;23118;und;0;21923
node;imprimeur_lithographe;0;23127;23127;und;0;22285
node;imprimeur_lithographe;0;23127;23127;und;1;24301
node;imprimeur_lithographe;0;23146;23146;und;0;23156
node;imprimeur_lithographe;0;23148;23148;und;0;23018
node;imprimeur_lithographe;0;23162;23162;und;0;22484
node;imprimeur_lithographe;0;23167;23167;und;0;22759
node;imprimeur_lithographe;0;23168;23168;und;0;21558
node;imprimeur_lithographe;0;23203;23203;und;0;21556
node;imprimeur_lithographe;0;23205;23205;und;0;22471
node;imprimeur_lithographe;0;23217;23217;und;0;22705
node;imprimeur_lithographe;0;23287;23287;und;0;23198
node;imprimeur_lithographe;0;23289;23289;und;0;22344
node;imprimeur_lithographe;0;23290;23290;und;0;23291
node;imprimeur_lithographe;0;23291;23291;und;0;23290
node;imprimeur_lithographe;0;23311;23311;und;0;23310
node;imprimeur_lithographe;0;23373;23373;und;0;23369
node;imprimeur_lithographe;0;23410;23410;und;0;25343
node;imprimeur_lithographe;0;23471;23471;und;0;23472
node;imprimeur_lithographe;0;23557;23557;und;0;23556
node;imprimeur_lithographe;0;23559;23559;und;0;23560
node;imprimeur_lithographe;0;23560;23560;und;0;23559
node;imprimeur_lithographe;0;23584;23584;und;0;23580
node;imprimeur_lithographe;0;23585;23585;und;0;23592
node;imprimeur_lithographe;0;23607;23607;und;0;23608
node;imprimeur_lithographe;0;23646;23646;und;0;21608
node;imprimeur_lithographe;0;23809;23809;und;0;23763
node;imprimeur_lithographe;0;23911;23911;und;0;23929
node;imprimeur_lithographe;0;23929;23929;und;0;23911
node;imprimeur_lithographe;0;24054;24054;und;0;22167
node;imprimeur_lithographe;0;24079;24079;und;0;24075
node;imprimeur_lithographe;0;24110;24110;und;0;24133
node;imprimeur_lithographe;0;24127;24127;und;0;24123
node;imprimeur_lithographe;0;24131;24131;und;0;24130
node;imprimeur_lithographe;0;24133;24133;und;0;24110
node;imprimeur_lithographe;0;24202;24202;und;0;24201
node;imprimeur_lithographe;0;24251;24251;und;0;26809
node;imprimeur_lithographe;0;24444;24444;und;0;24443
node;imprimeur_lithographe;0;24491;24491;und;0;24546
node;imprimeur_lithographe;0;24493;24493;und;0;24532
node;imprimeur_lithographe;0;24495;24495;und;0;24537
node;imprimeur_lithographe;0;24546;24546;und;0;24491
node;imprimeur_lithographe;0;24569;24569;und;0;24563
node;imprimeur_lithographe;0;24572;24572;und;0;24562
node;imprimeur_lithographe;0;24687;24687;und;0;26113
node;imprimeur_lithographe;0;24696;24696;und;0;24697
node;imprimeur_lithographe;0;24698;24698;und;0;24696
node;imprimeur_lithographe;0;24713;24713;und;0;24743
node;imprimeur_lithographe;0;24743;24743;und;0;24713
node;imprimeur_lithographe;0;24813;24813;und;0;24812
node;imprimeur_lithographe;0;24927;24927;und;0;24926
node;imprimeur_lithographe;0;25251;25251;und;0;25224
node;imprimeur_lithographe;0;25284;25284;und;0;25312
node;imprimeur_lithographe;0;25286;25286;und;0;25294
node;imprimeur_lithographe;0;25302;25302;und;0;25301
node;imprimeur_lithographe;0;25312;25312;und;0;25284
node;imprimeur_lithographe;0;25313;25313;und;0;25292
node;imprimeur_lithographe;0;25441;25441;und;0;25440
node;imprimeur_lithographe;0;25602;25602;und;0;25640
node;imprimeur_lithographe;0;25634;25634;und;0;25724
node;imprimeur_lithographe;0;25640;25640;und;0;25602
node;imprimeur_lithographe;0;25713;25713;und;0;25647
node;imprimeur_lithographe;0;25728;25728;und;0;25660
node;imprimeur_lithographe;0;25730;25730;und;0;26785
node;imprimeur_lithographe;0;25953;25953;und;0;25961
node;imprimeur_lithographe;0;25961;25961;und;0;25953
node;imprimeur_lithographe;0;26113;26113;und;0;24687
node;imprimeur_lithographe;0;26274;26274;und;0;26275
node;imprimeur_lithographe;0;26570;26570;und;0;26572
node;imprimeur_lithographe;0;26572;26572;und;0;26570
node;imprimeur_lithographe;0;26596;26596;und;0;26597
node;imprimeur_lithographe;0;26597;26597;und;0;26596
node;imprimeur_lithographe;0;26601;26601;und;0;26602
node;imprimeur_lithographe;0;26602;26602;und;0;26601
node;imprimeur_lithographe;0;26655;26655;und;0;26656
node;imprimeur_lithographe;0;26656;26656;und;0;26655
node;imprimeur_lithographe;0;26659;26659;und;0;26660
node;imprimeur_lithographe;0;26660;26660;und;0;26659
node;imprimeur_lithographe;0;26665;26665;und;0;26666
node;imprimeur_lithographe;0;26666;26666;und;0;26665
node;imprimeur_lithographe;0;26801;26801;und;0;24301
node;imprimeur_lithographe;0;26809;26809;und;0;24251
node;imprimeur_lithographe;0;26848;26848;und;0;23571
node;imprimeur_lithographe;0;26942;26942;und;0;26978
node;imprimeur_lithographe;0;26949;26949;und;0;26946
node;imprimeur_lithographe;0;26985;26985;und;0;26944
node;imprimeur_lithographe;0;26995;26995;und;0;27025
node;imprimeur_lithographe;0;27025;27025;und;0;26995
node;imprimeur_lithographe;0;27095;27095;und;0;21959
node;imprimeur_lithographe;0;27144;27144;und;0;22862
node;imprimeur_lithographe;0;27153;27153;und;0;22658
node;imprimeur_lithographe;0;27193;27193;und;0;25885
