entity_type;bundle;deleted;entity_id;revision_id;language;delta;field_remarques_value;field_remarques_format
node;imprimeur_lithographe;0;7916;7916;und;0;Important dossier avec de nombreuses fraudes;plain_text
node;imprimeur_lithographe;0;10137;10137;und;0;Important dossier avec de nombreuses fraudes;plain_text
node;imprimeur_lithographe;0;10253;10253;und;0;le dossier se trouve dans celio de Martinou son successur;plain_text
node;imprimeur_lithographe;0;10302;10302;und;0;Dossier vide;plain_text
node;imprimeur_lithographe;0;10327;10327;und;0;Le dossier Leroy est dans ce dossier;plain_text
node;imprimeur_lithographe;0;10328;10328;und;0;Voir dossier St Quentin (Aisne) 21/01/1837;plain_text
node;imprimeur_lithographe;0;10409;10409;und;0;dossier important;plain_text
node;imprimeur_lithographe;0;10611;10611;und;0;Les deux dossiers sont vides, voir le dossier pour Montrouge;plain_text
node;imprimeur_lithographe;0;11048;11048;und;0;Important dossier avec de nombreuses fraudes;plain_text
node;imprimeur_lithographe;0;21540;21540;und;0;Mise à jour E. P., 14/04/2024..;
node;imprimeur_lithographe;0;21548;21548;und;0;E. P., 27/05/2018.;
node;imprimeur_lithographe;0;21550;21550;und;0;E. P., 27/05/2018.;
node;imprimeur_lithographe;0;21552;21552;und;0;"E. P., 27/05/2018 ; 08/03/2022.";
node;imprimeur_lithographe;0;21553;21553;und;0;E. P., 28/05/2018.;
node;imprimeur_lithographe;0;21554;21554;und;0;E. P., 28/05/2018.;
node;imprimeur_lithographe;0;21555;21555;und;0;E. P., 27/05/2018.;
node;imprimeur_lithographe;0;21556;21556;und;0;E. P., 27/05/2018.;
node;imprimeur_lithographe;0;21557;21557;und;0;E. P., 29/05/2018;
node;imprimeur_lithographe;0;21558;21558;und;0;E. P., 29/05/2018.;
node;imprimeur_lithographe;0;21570;21570;und;0;Mise à jour : 12/05//2021, E. P.;
node;imprimeur_lithographe;0;21571;21571;und;0;Mise à jour 05/05/2018. E. P.;
node;imprimeur_lithographe;0;21579;21579;und;0;"Dans le dossier se trouve la mention des inventaires des successions de sa femme et de sa fille en 1825 chez Me Narjot et Péan de Saint- Gilles.
Revu E. P., 5/4/2019";
node;imprimeur_lithographe;0;21581;21581;und;0;"E. P., 19/06/2018 ; 17/02/2023.";
node;imprimeur_lithographe;0;21585;21585;und;0;E. P., 13/06/2018;
node;imprimeur_lithographe;0;21590;21590;und;0;E. P., 29/06/2018.;
node;imprimeur_lithographe;0;21591;21591;und;0;E. P., 29/06/2018.;
node;imprimeur_lithographe;0;21593;21593;und;0;E. P., 03/07/2018;
node;imprimeur_lithographe;0;21596;21596;und;0;E. P., 04/07/2018;
node;imprimeur_lithographe;0;21602;21602;und;0;E. P., 09/07/2018;
node;imprimeur_lithographe;0;21603;21603;und;0;E. P., 03/07/2018;
node;imprimeur_lithographe;0;21604;21604;und;0;E. P., 03/07/2018;
node;imprimeur_lithographe;0;21606;21606;und;0;E. P., 29/06/2018;
node;imprimeur_lithographe;0;21610;21610;und;0;E. P., 10/07/2018.;
node;imprimeur_lithographe;0;21613;21613;und;0;Il joint à sa demande outre son prospectus, un exemple de promesse d'action d'une société sucrière en commandite.;
node;imprimeur_lithographe;0;21617;21617;und;0;Revu E. P., 5/01/2021.;
node;imprimeur_lithographe;0;21618;21618;und;0;"Faillite? Reprise par Duchemin-Boisjoresse ?

E. P., 11/07/2018";
node;imprimeur_lithographe;0;21619;21619;und;0;E. P., 10/07/2018.;
node;imprimeur_lithographe;0;21620;21620;und;0;E. P., 10/07/2018;
node;imprimeur_lithographe;0;21624;21624;und;0;Revu E. P., 20/6/2019;
node;imprimeur_lithographe;0;21625;21625;und;0;Revu E. P., 20/6/2019;
node;imprimeur_lithographe;0;21856;21856;und;0;E. P., 22/07/2018;
node;imprimeur_lithographe;0;21857;21857;und;0;E. P., 22/07/2018;
node;imprimeur_lithographe;0;21858;21858;und;0;Dans le dossier figure l'acte de vente de son imprimerie, en décembre 1839, devant Me Durant, notaire.;
node;imprimeur_lithographe;0;21859;21859;und;0;E. P., 25/07/2018.;
node;imprimeur_lithographe;0;21860;21860;und;0;"Intéressant contrat de vente de son matériel.

E. P., 23/07/2018";
node;imprimeur_lithographe;0;21861;21861;und;0;E. P., 25/07/2018.;
node;imprimeur_lithographe;0;21862;21862;und;0;Dossier incomplet;
node;imprimeur_lithographe;0;21866;21866;und;0;Un des plus grands ateliers parisiens.;
node;imprimeur_lithographe;0;21868;21868;und;0;"C'est par erreur qu'a été attribué le prénom de Walter à Pierre Berger. Walter est le nom de jeune fille de sa mère, les familles Walter et Berger étant, par ailleurs associées depuis longtemps dans l'exploitation de la verrerie de Goetzenbruck. Berger-Walter est aussi la raison sociale du magasin de vente parisien.

E. P., 25/07/2018";
node;imprimeur_lithographe;0;21870;21870;und;0;E. P., 23/07/2018;
node;imprimeur_lithographe;0;21871;21871;und;0;E. P., 26/07/2018;
node;imprimeur_lithographe;0;21872;21872;und;0;E. P., 24/11/2018.;
node;imprimeur_lithographe;0;21876;21876;und;0;E. P., 24/07/2018;
node;imprimeur_lithographe;0;21877;21877;und;0;E. P., 25/07/2018;
node;imprimeur_lithographe;0;21878;21878;und;0;"Le catalogue de 1853 est joint au dossier.

E. P., 31/07/2018";
node;imprimeur_lithographe;0;21879;21879;und;0;"Il joint une description détaillée des différentes façons d'imprimer des étiquettes contenant du texte  et l'illustre de trois échantillons.

E. P., 24/07/2018";
node;imprimeur_lithographe;0;21881;21881;und;0; Quand il signe, il rétablit la bonne orthographe de son prénom (Hypolite dans son acte de naissance);
node;imprimeur_lithographe;0;21884;21884;und;0;E. P., 7/9/2018;
node;imprimeur_lithographe;0;21889;21889;und;0;Voir dossier du père Bineteau P. ;
node;imprimeur_lithographe;0;21893;21893;und;0;E. P., 1/8/2018.;
node;imprimeur_lithographe;0;21894;21894;und;0;Le dossier Brichoux mentionne un transfert de brevet de lithographe en faveur de Pierre Aimable Ferdinand Blot en 1835, mais le dossier du père de Pierre Séraphin Blot n'a pas été retrouvé.;
node;imprimeur_lithographe;0;21896;21896;und;0;E. P., 07/08/2018;
node;imprimeur_lithographe;0;21899;21899;und;0;Revu E. P., 14/02/2023.;
node;imprimeur_lithographe;0;21913;21913;und;0;E. P., 4/12/2018;
node;imprimeur_lithographe;0;21919;21919;und;0;Revu E. P., 24/10/2020.;
node;imprimeur_lithographe;0;21929;21929;und;0;Son serment figure dans le dossier.;
node;imprimeur_lithographe;0;21936;21936;und;0;E. P., 17/11/2018;
node;imprimeur_lithographe;0;21938;21938;und;0;Pas de dossier Blot.;
node;imprimeur_lithographe;0;21950;21950;und;0;E. P., 13/12/2018;
node;imprimeur_lithographe;0;21958;21958;und;0;Papier à en-tête dans le dossier Huet (AN F18 1873);
node;imprimeur_lithographe;0;21973;21973;und;0;"E. P., 9/9/2018 ; 19/03/2023 ; 22/08/2023.";
node;imprimeur_lithographe;0;21975;21975;und;0;Revu E. P., 14/02/2023.;
node;imprimeur_lithographe;0;21985;21985;und;0;Revu E. P., 08/04/2023.;
node;imprimeur_lithographe;0;22027;22027;und;0; E. P., 25/3/2019;
node;imprimeur_lithographe;0;22032;22032;und;0;E. P., 21/02/2019;
node;imprimeur_lithographe;0;22033;22033;und;0;"Pour d'autres affiches imprimées à partir de 1881 sous la direction de Jules Chéret, voir la notice de cet imprimeur.
E. P., 25/02/2019";
node;imprimeur_lithographe;0;22035;22035;und;0;Revu E. P., 16/3/2019;
node;imprimeur_lithographe;0;22036;22036;und;0;Revu E. P., 16/3/2019;
node;imprimeur_lithographe;0;22038;22038;und;0;Revu E. P., 15/3/2019;
node;imprimeur_lithographe;0;22041;22041;und;0;Revu E. P., 16/3/2019;
node;imprimeur_lithographe;0;22042;22042;und;0;E. P., 25/3/2019;
node;imprimeur_lithographe;0;22043;22043;und;0;Revu E. P., 18/3/2019;
node;imprimeur_lithographe;0;22044;22044;und;0;Revu E. P., 16/3/2019.;
node;imprimeur_lithographe;0;22045;22045;und;0;E. P., 18/3/2019;
node;imprimeur_lithographe;0;22047;22047;und;0;Revu E. P., 15/3/2019;
node;imprimeur_lithographe;0;22050;22050;und;0;Revu E. P., 16/3/2019;
node;imprimeur_lithographe;0;22051;22051;und;0;Revu E. P., 16/3/2019.;
node;imprimeur_lithographe;0;22053;22053;und;0;Revu E. P. 25/4/2019;
node;imprimeur_lithographe;0;22054;22054;und;0;Mise à jour 07/05/2018. E. P.;
node;imprimeur_lithographe;0;22057;22057;und;0;Revu E. P., 7/5/2019;
node;imprimeur_lithographe;0;22059;22059;und;0;Revu E. P., 7/5/2019;
node;imprimeur_lithographe;0;22063;22063;und;0;E. P., 21/01/2018;
node;imprimeur_lithographe;0;22064;22064;und;0;Revu E. P. 7/5/2019;
node;imprimeur_lithographe;0;22067;22067;und;0;Revu E. P., 15/02/2023.;
node;imprimeur_lithographe;0;22071;22071;und;0;Revu E. P.23/4/2019;
node;imprimeur_lithographe;0;22075;22075;und;0;Revu E. P.,13/5/2019;
node;imprimeur_lithographe;0;22076;22076;und;0;Revu E. P., 22/5/2019;
node;imprimeur_lithographe;0;22077;22077;und;0;Revu E. P., 24/5/2019;
node;imprimeur_lithographe;0;22081;22081;und;0;Revu E. P., 23/5/2019.;
node;imprimeur_lithographe;0;22082;22082;und;0;Revu E. P.23/5/2019;
node;imprimeur_lithographe;0;22083;22083;und;0;Le dossier de demande de brevet se trouve dans le dossier de Hyacinthe Clare, son fils. Le brevet y est resté.;
node;imprimeur_lithographe;0;22084;22084;und;0;Revu E. P., 22/5/2019;
node;imprimeur_lithographe;0;22086;22086;und;0;Revu E. P., 22/5/2019;
node;imprimeur_lithographe;0;22096;22096;und;0;Revu E. P. 26/4/2019;
node;imprimeur_lithographe;0;22101;22101;und;0;Revu E. P., 16/5/2019;
node;imprimeur_lithographe;0;22102;22102;und;0;Revu E. P., 19/5/2019;
node;imprimeur_lithographe;0;22104;22104;und;0;Revu E. P., 17/5/2019;
node;imprimeur_lithographe;0;22109;22109;und;0;Revu E. P., 17/5/2019;
node;imprimeur_lithographe;0;22111;22111;und;0;Revu E. P., 19/5/2019;
node;imprimeur_lithographe;0;22113;22113;und;0;Revu E. P., 19/5/2019;
node;imprimeur_lithographe;0;22115;22115;und;0;Revu E. P., 21/4/2019;
node;imprimeur_lithographe;0;22118;22118;und;0;"E. P., 3/11/2021.
Belle collection d'affiches conservées à la bibliothèque Forney sur le site des bibliothèques de la ville de Paris.";
node;imprimeur_lithographe;0;22120;22120;und;0;Revu E.P., 19/4/2019;
node;imprimeur_lithographe;0;22122;22122;und;0;Revu E. P., 19/4/2019;
node;imprimeur_lithographe;0;22123;22123;und;0;Revu E. P., 14/4/2019.;
node;imprimeur_lithographe;0;22124;22124;und;0;Revu E. P., 14/4/2019.;
node;imprimeur_lithographe;0;22127;22127;und;0;Revu E. P., 15/4/2019;
node;imprimeur_lithographe;0;22135;22135;und;0;"Dossier vide pour Paris ; voir dossier pour  Sens en remplacement de Clément";
node;imprimeur_lithographe;0;22160;22160;und;0;Enorme dossier;
node;imprimeur_lithographe;0;22164;22164;und;0;Pas de dossier pour Jules Delacour, né le 2 juillet 1798, comme imprimeur en lettres et lithographe.;
node;imprimeur_lithographe;0;22165;22165;und;0;On retrouve la mention Lith. Delacourt, 34, rue du Vert-Bois au dos de vues stéréoscopiques sur papier albuminé (https://catalogue.bnf.fr/ark:/12148/cb442369107);
node;imprimeur_lithographe;0;22166;22166;und;0;Revu, E. P., 26/02/2024.;
node;imprimeur_lithographe;0;22172;22172;und;0;Le dossier des Archives nationales contient son Catalogue général des nouveautés les plus intéressantes en gravures et lithographies en noir et en couleurs publiées à Paris, gros de 113 pages.;
node;imprimeur_lithographe;0;22173;22173;und;0;E. P., 27/11/2018. Revu 30/12/2022.;
node;imprimeur_lithographe;0;22175;22175;und;0;E. P., 22/11/2018;
node;imprimeur_lithographe;0;22177;22177;und;0;Revu E. P., 21/1/2019;
node;imprimeur_lithographe;0;22179;22179;und;0;E. P, 23/11/2018;
node;imprimeur_lithographe;0;22185;22185;und;0;E. P., 17/07/2018;
node;imprimeur_lithographe;0;22187;22187;und;0;E. P., 28/07/2018.;
node;imprimeur_lithographe;0;22190;22190;und;0;"À sa demande d'autorisation, il a joint un exemple de grapholithotypographie : Le grand aigle ( A. N., F/18/1754 dossier Derenémesnil) 
Revu E. P., 01/12/2023.";
node;imprimeur_lithographe;0;22197;22197;und;0;"Son livret d'ouvrier est joint à son dossier.

E. P., 14/07/2018";
node;imprimeur_lithographe;0;22200;22200;und;0;"Exemples de ses travaux cartographiques joints au dossier de 1828 : plan de fortifications pour l'illustration du Spectateur militaire, 25e livraison ; projet de disposition de parapets ; exemple de figuré du terrain d'après le diapason, proposé par le Dépôt de la Guerre à des échelles différentes ; carte de l'Andalousie dans la campagne de 1808 ; plan de Manheim en 1793; carte du cours de la Lauter.

E. P., 14/07/2018 ; 21/02/2022.
";
node;imprimeur_lithographe;0;22211;22211;und;0;"E. P., 18/06/2018 ; 02/01/2024.";
node;imprimeur_lithographe;0;22231;22231;und;0;"Revu E. P., 28/3/2019 ;6/07/2022.";
node;imprimeur_lithographe;0;22232;22232;und;0;Revu E. P., 28/3/2019;
node;imprimeur_lithographe;0;22248;22248;und;0;Le dossier constitué pour Jean François Dubreuil ainsi que le catalogue pour le colportage sont dans le dossier Bès. revu E. P. 20/6/2019;
node;imprimeur_lithographe;0;22255;22255;und;0;Revu E. P., 3/10/2019;
node;imprimeur_lithographe;0;22256;22256;und;0;Revu E. P., 3/10/2019.;
node;imprimeur_lithographe;0;22270;22270;und;0;Revu E. P., 17/6/2019;
node;imprimeur_lithographe;0;22271;22271;und;0;Revu E. P., 17/6/2019;
node;imprimeur_lithographe;0;22276;22276;und;0;Revu E. P., 23/6/2019;
node;imprimeur_lithographe;0;22279;22279;und;0;Revu E. P., 20/6/2019;
node;imprimeur_lithographe;0;22280;22280;und;0;Revu E. P., 20/6/2019.;
node;imprimeur_lithographe;0;22283;22283;und;0;Revu E. P., 24/5/2019;
node;imprimeur_lithographe;0;22285;22285;und;0;Revu E. P., 29/06/2023.;
node;imprimeur_lithographe;0;22287;22287;und;0;Revu E. P., 24/5/2019;
node;imprimeur_lithographe;0;22288;22288;und;0;Revu E. P., 24/5/2019;
node;imprimeur_lithographe;0;22294;22294;und;0;Revu E. P., 15/5/2019;
node;imprimeur_lithographe;0;22301;22301;und;0;Son acte de naissance lui attribue les prénoms de Pierre Nicolas Augustin, son père déclarant se prénommer Pierre Jacques. Revu E. P., 3/6/2019;
node;imprimeur_lithographe;0;22318;22318;und;0;"E. P., 4/3/2019 ; 6/7/2022.";
node;imprimeur_lithographe;0;22319;22319;und;0;E. P., 4/3/2019;
node;imprimeur_lithographe;0;22324;22324;und;0;Revu E. P., 15/3/2019;
node;imprimeur_lithographe;0;22331;22331;und;0;Revu E. P., 16/4/2019;
node;imprimeur_lithographe;0;22334;22334;und;0;Revu E. P., 14/02/2023.;
node;imprimeur_lithographe;0;22336;22336;und;0;Revu E. P., 174/04/2019;
node;imprimeur_lithographe;0;22337;22337;und;0;Revu E. P., 16/4/2019;
node;imprimeur_lithographe;0;22343;22343;und;0;Revu E. P., 8/4/2019;
node;imprimeur_lithographe;0;22349;22349;und;0;Revu E. P., 1/11/2019.;
node;imprimeur_lithographe;0;22362;22362;und;0;Extrait du catalogue jusqu'en 1828 sur le papier à lettres de l'imprimeur. Revu E. P., 1/11/2019;
node;imprimeur_lithographe;0;22363;22363;und;0;Revu E. P., 1/11/2019.;
node;imprimeur_lithographe;0;22376;22376;und;0;Revu E. P., 2/11/2019.;
node;imprimeur_lithographe;0;22378;22378;und;0;Revu E. P., 16/11/2019.;
node;imprimeur_lithographe;0;22382;22382;und;0;Revu E. P., 16/11/2019.;
node;imprimeur_lithographe;0;22384;22384;und;0;Revu E. P., 17/11/2019.;
node;imprimeur_lithographe;0;22385;22385;und;0;24/05/2018, E. P.;
node;imprimeur_lithographe;0;22386;22386;und;0;E. P., 24/05/2018;
node;imprimeur_lithographe;0;22393;22393;und;0;E. P., 03/06/2018.;
node;imprimeur_lithographe;0;22394;22394;und;0;E. P., 28/05/2018.;
node;imprimeur_lithographe;0;22409;22409;und;0;Revu E. P., 12/10/2019.;
node;imprimeur_lithographe;0;22413;22413;und;0;Revu E. P., 14/10/2019.;
node;imprimeur_lithographe;0;22416;22416;und;0;Revu E. P., 14/10/2019.;
node;imprimeur_lithographe;0;22417;22417;und;0;Revu E. P., 14/10/2019.;
node;imprimeur_lithographe;0;22419;22419;und;0;Revu E. P., 14/10/2019.;
node;imprimeur_lithographe;0;22420;22420;und;0;"E. P., 21/07/2018 ; revu 23/6/2019";
node;imprimeur_lithographe;0;22421;22421;und;0;Revu E. P., 24/6/2019;
node;imprimeur_lithographe;0;22424;22424;und;0;À la liquidation de la maison Goupil, le fonds fut acheté par un marchand d'art bordelais, puis acquis par la ville de Bordeaux auprès de son descendant. Constitué de 70 000 photos, 46 000 estampes, 7 400 matrices, etc., il est aujourd'hui conservé au Musée d'Aquitaine. Revu E. P., 30/01/2020.;
node;imprimeur_lithographe;0;22430;22430;und;0;Revu E. P., 28/10/2019;
node;imprimeur_lithographe;0;22439;22439;und;0;Revu E. P., 18/09/2020.;
node;imprimeur_lithographe;0;22446;22446;und;0;Revu E. P., 6/6/2019;
node;imprimeur_lithographe;0;22463;22463;und;0;Les statuts et la liste des membres sont joints au dossier.;
node;imprimeur_lithographe;0;22468;22468;und;0;Revu E. P., 27/12/2020.;
node;imprimeur_lithographe;0;22484;22484;und;0;Voir dossier de l'Aisne Archives Nationales F18 1844;
node;imprimeur_lithographe;0;22486;22486;und;0;Revu E. P., 25/5/2019;
node;imprimeur_lithographe;0;22489;22489;und;0;Revu E. P., 16/5/2019;
node;imprimeur_lithographe;0;22492;22492;und;0;Revu E. P.16/5/2019;
node;imprimeur_lithographe;0;22494;22494;und;0;Revu E. P., 22/112018;
node;imprimeur_lithographe;0;22496;22496;und;0;Revu E. P., 21/4/2019;
node;imprimeur_lithographe;0;22498;22498;und;0;Revu E. P. 21/4/2019;
node;imprimeur_lithographe;0;22500;22500;und;0;Revu E. P., 22/4/2019;
node;imprimeur_lithographe;0;22501;22501;und;0;Revu E. P. 22/4/2019;
node;imprimeur_lithographe;0;22510;22510;und;0;Revu, E. P. 12/5/2019;
node;imprimeur_lithographe;0;22512;22512;und;0;Revu E. P., 12/5/2019;
node;imprimeur_lithographe;0;22513;22513;und;0;Revu E. P., 10/4/2019;
node;imprimeur_lithographe;0;22515;22515;und;0;Revu E. P., 10/4/2019.;
node;imprimeur_lithographe;0;22516;22516;und;0;Revu E. P., 12/4/2019;
node;imprimeur_lithographe;0;22518;22518;und;0;Revu E. P., 10/04/2019;
node;imprimeur_lithographe;0;22530;22530;und;0;E. P., 23/01/2019;
node;imprimeur_lithographe;0;22547;22547;und;0;Revu E. P. 22/4/2019;
node;imprimeur_lithographe;0;22548;22548;und;0;"E. P., 23/11/2018 ; revu 29/07/2022.";
node;imprimeur_lithographe;0;22549;22549;und;0;E. P., 22/11/2018;
node;imprimeur_lithographe;0;22553;22553;und;0;Revu, E. P., 18/3/2019;
node;imprimeur_lithographe;0;22555;22555;und;0;E. P., 11/10/2018;
node;imprimeur_lithographe;0;22556;22556;und;0;E. P., 10/2018;
node;imprimeur_lithographe;0;22578;22578;und;0;E. P., 4/8/2018;
node;imprimeur_lithographe;0;22579;22579;und;0;E. P., 5/8/2018;
node;imprimeur_lithographe;0;22580;22580;und;0;"E. P., 22/06/2018 ; 19/03/2023.";
node;imprimeur_lithographe;0;22587;22587;und;0;Revu E. P., 18/3/2019;
node;imprimeur_lithographe;0;22588;22588;und;0;Revu E. P., 18/3/2019;
node;imprimeur_lithographe;0;22590;22590;und;0;Revu E. P., 18/3/2019;
node;imprimeur_lithographe;0;22592;22592;und;0;E. P., 20/3/2019;
node;imprimeur_lithographe;0;22595;22595;und;0;Revu E. P., 21/3/2019;
node;imprimeur_lithographe;0;22598;22598;und;0;Revu E. P. 29/3/2019;
node;imprimeur_lithographe;0;22605;22605;und;0;Revu E. P., 28/3/2019;
node;imprimeur_lithographe;0;22615;22615;und;0;Revu E. P., 6/12/2019.;
node;imprimeur_lithographe;0;22617;22617;und;0;Revu E. P., 13/02/2021.;
node;imprimeur_lithographe;0;22618;22618;und;0;"Planches anatomiques du corps humain exécutées d'après les dimensions naturelles, par le Docteur F. Antonmarchi, publiée par C. de Lasteyrie   https://www.biusante.parisdescartes.fr/histmed/medica/cote?01898
Traité d'anatomie descriptive, de Jules Hippolyte Cloquet";
node;imprimeur_lithographe;0;22631;22631;und;0;Revu E. P., 13/11/2019.;
node;imprimeur_lithographe;0;22632;22632;und;0;Revu E. P., 13/11/2019.;
node;imprimeur_lithographe;0;22638;22638;und;0;Revu E. P., 2/12/2019.;
node;imprimeur_lithographe;0;22640;22640;und;0;Revu E. P., 1/12/2019.;
node;imprimeur_lithographe;0;22648;22648;und;0;Son serment de lithographe se trouve dans le dossier de sa veuve.;
node;imprimeur_lithographe;0;22651;22651;und;0;Revu E. P., 24/02/2020.;
node;imprimeur_lithographe;0;22675;22675;und;0;E. P., 5/8/2018;
node;imprimeur_lithographe;0;22681;22681;und;0;Revu E. P., 27/02/2020.;
node;imprimeur_lithographe;0;22685;22685;und;0;Pour sa thèse, Corinne Bouquin a constitué une base de données à partir de 6 200 lithographies, conservées en majorité au Cabinet des estampes de la Bibliothèque nationale de France, afin d'étudier la production de l'imprimerie Lemercier.;
node;imprimeur_lithographe;0;22687;22687;und;0;Revu E. P., 27/02/2020.;
node;imprimeur_lithographe;0;22697;22697;und;0;L'essentiel de son dossier est composé  de lettres informant l'administration de ses changements de domicile.;
node;imprimeur_lithographe;0;22702;22702;und;0;Revu E. P., 15/03/2020.;
node;imprimeur_lithographe;0;22707;22707;und;0;Revu E. P., 04/11/2020.;
node;imprimeur_lithographe;0;22712;22712;und;0;Le dossier se trouve dans celui de Martinou son successeur.;
node;imprimeur_lithographe;0;22719;22719;und;0;Revu E. P., 04/11/2020.;
node;imprimeur_lithographe;0;22722;22722;und;0;Revu E. P., 11/11/2020.;
node;imprimeur_lithographe;0;22724;22724;und;0;Revu E. P., 09/11/2020.;
node;imprimeur_lithographe;0;22729;22729;und;0;Revy E. P., 07/11/2020.;
node;imprimeur_lithographe;0;22730;22730;und;0;Revu E. P., 06/11/2020.;
node;imprimeur_lithographe;0;22734;22734;und;0;Revu E. P., 02/11/2020.;
node;imprimeur_lithographe;0;22739;22739;und;0;Revu E. P., 02/11/2020.;
node;imprimeur_lithographe;0;22740;22740;und;0;Revu E. P., 02/11/2020.;
node;imprimeur_lithographe;0;22743;22743;und;0;Revu E. P., 03/11/2020.;
node;imprimeur_lithographe;0;22749;22749;und;0;Revu E. P., 5/9/2020.;
node;imprimeur_lithographe;0;22753;22753;und;0;Revu E. P., 3/09/2020.;
node;imprimeur_lithographe;0;22755;22755;und;0;Revu E. P., 30/08/2020.;
node;imprimeur_lithographe;0;22756;22756;und;0;Revu E. P., 01/09/2020.;
node;imprimeur_lithographe;0;22757;22757;und;0;Revu E. P., 30/08/2020.;
node;imprimeur_lithographe;0;22758;22758;und;0;Revu E. P., 16/09/2020.;
node;imprimeur_lithographe;0;22759;22759;und;0;Revu E. P., 28/08/2020.;
node;imprimeur_lithographe;0;22760;22760;und;0;Revu E. P., 28/08/2020.;
node;imprimeur_lithographe;0;22761;22761;und;0;Dossier vide;
node;imprimeur_lithographe;0;22762;22762;und;0;Revu E. P., 09/08/2021.;
node;imprimeur_lithographe;0;22763;22763;und;0;Revu E. P., 6/4/2019.;
node;imprimeur_lithographe;0;22764;22764;und;0;Revu E. P., 5/4/2019;
node;imprimeur_lithographe;0;22765;22765;und;0;Revu E. P., 5/4/2019;
node;imprimeur_lithographe;0;22767;22767;und;0;Revu E. P., 6/4/2019;
node;imprimeur_lithographe;0;22768;22768;und;0;Revu E. P., 7/4/2019;
node;imprimeur_lithographe;0;22774;22774;und;0;E. P., 8/1/2019;
node;imprimeur_lithographe;0;22783;22783;und;0;E. P., 3/1/2019;
node;imprimeur_lithographe;0;22788;22788;und;0;Revu E. P., 04/03/2020.;
node;imprimeur_lithographe;0;22790;22790;und;0;Revu E. P., 23/02/2020;
node;imprimeur_lithographe;0;22792;22792;und;0;Revu E. P., 23/02/2020.;
node;imprimeur_lithographe;0;22794;22794;und;0;Revu E. P., 23/02/2020.;
node;imprimeur_lithographe;0;22795;22795;und;0;Revu E. P., 23/02/2020.;
node;imprimeur_lithographe;0;22796;22796;und;0;Revu E. P., 23/02/2020.;
node;imprimeur_lithographe;0;22797;22797;und;0;Revu E. P., 21/02/2020.;
node;imprimeur_lithographe;0;22809;22809;und;0;Revu E. P., 12/09/2020.;
node;imprimeur_lithographe;0;22813;22813;und;0;Revu E. P., 13/09/2020.;
node;imprimeur_lithographe;0;22814;22814;und;0;Revu E. P., 14/09/2020.;
node;imprimeur_lithographe;0;22817;22817;und;0;Revu E. P., 15/09/2020.;
node;imprimeur_lithographe;0;22818;22818;und;0;Revu E. P., 15/09/2020.;
node;imprimeur_lithographe;0;22821;22821;und;0;"Revu E. P., 17/09/2020.
";
node;imprimeur_lithographe;0;22822;22822;und;0;Revu E. P., 18/09/2020.;
node;imprimeur_lithographe;0;22823;22823;und;0;Dans ce dossier se trouve le brevet de Senefelder.;
node;imprimeur_lithographe;0;22824;22824;und;0;"Revu E. P., 18/09/2020 ; 13/02/2023.";
node;imprimeur_lithographe;0;22826;22826;und;0;Revu E. P., 18/09/2020.;
node;imprimeur_lithographe;0;22828;22828;und;0;"Revu E. P., 19/09/2020 ; 07/04/2023.";
node;imprimeur_lithographe;0;22830;22830;und;0;Revu E. P., 20/09/2020.;
node;imprimeur_lithographe;0;22832;22832;und;0;Revu E. P.,7/12/2019.;
node;imprimeur_lithographe;0;22835;22835;und;0;E. P., 10/12/2018;
node;imprimeur_lithographe;0;22840;22840;und;0;Revu E. P., 7/12/2019.;
node;imprimeur_lithographe;0;22841;22841;und;0;"Le Musée national de l'éducation conserve une importante collection de cahiers pour l'apprentissage du dessin, de tableaux muraux scolaires et de plans d'architecte pour la construction d'édifices scolaires dus à l'imprimerie Monrocq.   www.reseau-canope.fr/musee/collections
E. P., 16/11/2018 ; revu 8/12/2019";
node;imprimeur_lithographe;0;22842;22842;und;0;E. P., 23/12/2019.;
node;imprimeur_lithographe;0;22844;22844;und;0;Revu E. P., 8/12/2019.;
node;imprimeur_lithographe;0;22854;22854;und;0;Revu E. P., 1/10/2019;
node;imprimeur_lithographe;0;22857;22857;und;0;Revu E. P., 30/10/2019;
node;imprimeur_lithographe;0;22860;22860;und;0;Revu E. P., 28/10/2021.;
node;imprimeur_lithographe;0;22861;22861;und;0;Revu E. P., 7/04/2023.;
node;imprimeur_lithographe;0;22869;22869;und;0;dossier important;
node;imprimeur_lithographe;0;22878;22878;und;0;Revu E. P., 22/10/2020.;
node;imprimeur_lithographe;0;22897;22897;und;0;Revu E. P., 09/08/2021.;
node;imprimeur_lithographe;0;22898;22898;und;0;E. P., 14/02/2023.;
node;imprimeur_lithographe;0;22900;22900;und;0;Revu E. P., 27/10/2020.;
node;imprimeur_lithographe;0;22906;22906;und;0;Revu E. P., 30/10/2020.;
node;imprimeur_lithographe;0;22908;22908;und;0;Revu E. P., 28/10/2020.;
node;imprimeur_lithographe;0;22910;22910;und;0;"Dossier confus A. N. F/18/567 ; F/18/2130.";
node;imprimeur_lithographe;0;22920;22920;und;0;Revu E. P., 30/10/2020.;
node;imprimeur_lithographe;0;22923;22923;und;0;Revu E. P., 14/10/2020.;
node;imprimeur_lithographe;0;22925;22925;und;0;Revu E. P., 19/10/2020.;
node;imprimeur_lithographe;0;22928;22928;und;0;Revu E. P., 20/10/2020.;
node;imprimeur_lithographe;0;22929;22929;und;0;Revu E. P., 20/10/2020.;
node;imprimeur_lithographe;0;22938;22938;und;0;Revu E. P. 21/10/2020.;
node;imprimeur_lithographe;0;22944;22944;und;0;Revu E. P., 16/12/2020.;
node;imprimeur_lithographe;0;22946;22946;und;0;Revu E. P., 15/12/2020.;
node;imprimeur_lithographe;0;22956;22956;und;0;Revu E. P., 19/12/2020.;
node;imprimeur_lithographe;0;22957;22957;und;0;Revu E. P., 6/02/2023.;
node;imprimeur_lithographe;0;22962;22962;und;0;Revu E. P., 12/11/2020.;
node;imprimeur_lithographe;0;22965;22965;und;0;Revu E. P., 27/12/2020.;
node;imprimeur_lithographe;0;22982;22982;und;0;E. P., 10/07/2018;
node;imprimeur_lithographe;0;22983;22983;und;0;Revu E. P., 02/03/2020.;
node;imprimeur_lithographe;0;22988;22988;und;0;Revu E. P., 09/03/2020.;
node;imprimeur_lithographe;0;22993;22993;und;0;Revu E. P., 09/03/2020.;
node;imprimeur_lithographe;0;23000;23000;und;0;"Il semble qu'il soit confondu avec un homonyme, né à Sens (Yonne) le 6 février 1815, d'un père courrier entre Sens et Chévray ; installé 2, rue de la Parcheminerie (1847) ; marié à une coloriste ; breveté le 5 janvier 1839 avec Prévost, Ricard et Boulland comme parrains.";
node;imprimeur_lithographe;0;23003;23003;und;0;Revu E. P., 22/01/2021.;
node;imprimeur_lithographe;0;23006;23006;und;0;Revu E. P., 28/10/2021.;
node;imprimeur_lithographe;0;23010;23010;und;0;Revu E. P., 21/01/2021.;
node;imprimeur_lithographe;0;23013;23013;und;0;Revu E. P., 15/2/2020;
node;imprimeur_lithographe;0;23014;23014;und;0;Revu E. P., 15/2/20.;
node;imprimeur_lithographe;0;23019;23019;und;0;Revu E. P., 15/2/2020.;
node;imprimeur_lithographe;0;23027;23027;und;0;Revu E. P., 20/01/2021.;
node;imprimeur_lithographe;0;23028;23028;und;0;Revu E. P. 19/01/2021.;
node;imprimeur_lithographe;0;23031;23031;und;0;Revu E. P., 19/01/2021.;
node;imprimeur_lithographe;0;23046;23046;und;0;Revu E. P. 24/01/2021.;
node;imprimeur_lithographe;0;23048;23048;und;0;Revu E. P., 23/01/2021.;
node;imprimeur_lithographe;0;23053;23053;und;0;Revu E. P., 27/07/2021.;
node;imprimeur_lithographe;0;23055;23055;und;0;Certaines étiquettes sont signées R. Mollard. Revu E. P., 26/07/2021.;
node;imprimeur_lithographe;0;23068;23068;und;0;Dans le dossier figure l'acte de vente du matériel lithographique du Sieur Sapène;
node;imprimeur_lithographe;0;23076;23076;und;0;Les deux dossiers sont vides, voir le dossier pour Montrouge.;
node;imprimeur_lithographe;0;23087;23087;und;0;Bien qu'il n'ait jamais été breveté, une notice du Dictionnaire a été créée au nom d'Édouard Knecht.;
node;imprimeur_lithographe;0;23088;23088;und;0;Revu E. P., 16/07/2022.;
node;imprimeur_lithographe;0;23091;23091;und;0;Revu E. P., 08/08/2021.;
node;imprimeur_lithographe;0;23092;23092;und;0;Revu E. P., 15/10/2021.;
node;imprimeur_lithographe;0;23098;23098;und;0;Revu E. P., 04/07/2023.;
node;imprimeur_lithographe;0;23100;23100;und;0;Revu E. P., 16/01/2021.;
node;imprimeur_lithographe;0;23101;23101;und;0;Revu E. P., 16/01/2021.;
node;imprimeur_lithographe;0;23106;23106;und;0;Revu E. P., 10/01/2021.;
node;imprimeur_lithographe;0;23107;23107;und;0;Revu E. P., 16/10/2021.;
node;imprimeur_lithographe;0;23108;23108;und;0;Revu E. P., 16/10/2021.;
node;imprimeur_lithographe;0;23117;23117;und;0;Revu E. P., 23/09/2020.;
node;imprimeur_lithographe;0;23127;23127;und;0;E. P., 19/03/2023.;
node;imprimeur_lithographe;0;23132;23132;und;0;E. P., revu 21/07/2021.;
node;imprimeur_lithographe;0;23145;23145;und;0;Revu E. P., 01/08/2021.;
node;imprimeur_lithographe;0;23147;23147;und;0;Revu E. P., 02/08/2021.;
node;imprimeur_lithographe;0;23153;23153;und;0;Revu E. P., 30/03/2020.;
node;imprimeur_lithographe;0;23160;23160;und;0;Revu E. P., 14/12/2020.;
node;imprimeur_lithographe;0;23163;23163;und;0;Revu E. P., 13/12/2020.;
node;imprimeur_lithographe;0;23171;23171;und;0;Revu E. P., 14/10/2020.;
node;imprimeur_lithographe;0;23180;23180;und;0;Revu E. P., 24/09/2020.;
node;imprimeur_lithographe;0;23183;23183;und;0;Revu E. P., 18/11/2019.;
node;imprimeur_lithographe;0;23184;23184;und;0;Revu E. P., 18/11/2019.;
node;imprimeur_lithographe;0;23189;23189;und;0;Revu E. P., 13/11/2019.;
node;imprimeur_lithographe;0;23191;23191;und;0;Revu E. P.16/11/2019.;
node;imprimeur_lithographe;0;23201;23201;und;0;Revu E. P., 09/11/2020.;
node;imprimeur_lithographe;0;23203;23203;und;0;Revu E. P., 10/11/2020.;
node;imprimeur_lithographe;0;23208;23208;und;0;Revu E. P., 10/11/2020.;
node;imprimeur_lithographe;0;23223;23223;und;0;Revu E. P., 20/11/2020.;
node;imprimeur_lithographe;0;23236;23236;und;0;Revu E. P., 5/11/2023.;
node;imprimeur_lithographe;0;23303;23303;und;0;E. P., 04/07/2018;
node;imprimeur_lithographe;0;23324;23324;und;0;E. P., 19/05/2021.;
node;imprimeur_lithographe;0;23327;23327;und;0;E. P., 31/05/2021.;
node;imprimeur_lithographe;0;23375;23375;und;0;Revu E. P., 14/10/2020.;
node;imprimeur_lithographe;0;23405;23405;und;0;Revu E. P., 28/09/2020.;
node;imprimeur_lithographe;0;23454;23454;und;0;Est joint à la réclamation le détail des revenus mensuels de l'imprimerie sur trois années.;
node;imprimeur_lithographe;0;23456;23456;und;0;Est joint un état des frais et produits de l'imprimerie Mary concurrente.;
node;imprimeur_lithographe;0;23459;23459;und;0;La chanson, cause de la condamnation, est jointe au dossier.;
node;imprimeur_lithographe;0;23464;23464;und;0;Papiers Suhaux dans le fonds Lepage, carton 7, aux Archives municipales de Sedan;
node;imprimeur_lithographe;0;23571;23571;und;0;Grâce à l'achat en 2013 d'une partie de la collection d'Andreas Schmid, la Médiathèque du Grand-Dole conserve un ensemble de plus de mille chromolithographies publicitaires réalisées par l'imprimerie Courbe-Rouzet, qu'elle a numérisées (www. patrimoine-archives.grand-dole.fr ). De même, le Musée des Civilisations de l'Europe et de la Méditerranée en conserve et reproduit sur son site un très grand nombre (www.mucem.org).;
node;imprimeur_lithographe;0;23607;23607;und;0;Dans le dossier, se trouve un papier en-tête de la société Cagnant et Boulay fils, largement illustré et présentant les différentes productions et activités de l'imprimerie : tampons, ponces, gravures, reliure, réglure, fabrication de registres métalliques cousus et collés au caoutchouc, fournitures de bureaux.;
node;imprimeur_lithographe;0;23608;23608;und;0;Revu E. P., 14/02/2023.;
node;imprimeur_lithographe;0;23624;23624;und;0;Est joint un état très détaillé du matériel et du mobilier de l'imprimerie achetés à Péreau.;
node;imprimeur_lithographe;0;23638;23638;und;0;"Est joint dans le dossier de Dupont François, son père, un très intéressant papier à en-tête détaillant toutes les productions de l'imprimerie en 1850. Revu E.P., 23/08/2023 ; 30/11/2023.";
node;imprimeur_lithographe;0;23643;23643;und;0;Est joint le prospectus de La Nouvelle Ruche.;
node;imprimeur_lithographe;0;23646;23646;und;0;Revu E. P., 28/01/2023.;
node;imprimeur_lithographe;0;23670;23670;und;0;Revu E. P., 21/02/2021.;
node;imprimeur_lithographe;0;23682;23682;und;0;Est joint au dossier un long règlement des ateliers Gauthier et les principes de formation et de rémunération des jeunes apprentis.;
node;imprimeur_lithographe;0;23742;23742;und;0;dossier joint au dossier parisien;
node;imprimeur_lithographe;0;23838;23838;und;0;Le dossier contient une importante correspondance administrative concernant la valorisation d'un brevet lors de la vente d'une entreprise.;
node;imprimeur_lithographe;0;23884;23884;und;0;E. P., 11/06/2018.;
node;imprimeur_lithographe;0;23891;23891;und;0;Revu E. P. 22/4/2019;
node;imprimeur_lithographe;0;23937;23937;und;0;Revu E. P., 25/10/2020;
node;imprimeur_lithographe;0;23953;23953;und;0;Pièces du procès jointes;
node;imprimeur_lithographe;0;24009;24009;und;0;"Les Archives départementales de Loire-atlantique ont numérisé beaucoup de lithographies imprimées par les Charpentier père et fils. Elles peuvent être consultées sur leur site ( https://archives.loire-atlantique.fr/jcms/chercher/archives-numerisees-fr-c_5562 ), rubrique Iconographie/Affiches et gravures.
";
node;imprimeur_lithographe;0;24010;24010;und;0;Beaucoup des lithographies imprimées par Charpentier ont été numérisées et proposées sur le site des Archives départementales de Loire-atlantique.;
node;imprimeur_lithographe;0;24075;24075;und;0;Le fonds Oberthür du  Musée de Bretagne et de l'Écomusée du pays de Rennes, dont est tirée la majorité des illustrations ci-dessous,  a été en grande partie numérisé et peut être consulté en ligne : http://www.collections.musee-bretagne.fr;
node;imprimeur_lithographe;0;24076;24076;und;0;"Sur la page de titre de l'ouvrage, il est noté ""Oberthur, successeur""";
node;imprimeur_lithographe;0;24081;24081;und;0;"Membre de la Société Philomatique (1838)
Doyen de la Faculté des Sciences de Rennes (1843)
Professeur de Zoologie à la Faculté de Rennes (1845)";
node;imprimeur_lithographe;0;24165;24165;und;0;Le brevet de Gaudelet a disparu.;
node;imprimeur_lithographe;0;24169;24169;und;0;Le dossier de Giraud manque.;
node;imprimeur_lithographe;0;24197;24197;und;0;Revu E. P., 16/08/2021.;
node;imprimeur_lithographe;0;24301;24301;und;0;Le brevet de Godefroy Engelmann pour Paris se trouve dans le dossier de Pierre Thierry.;
node;imprimeur_lithographe;0;24327;24327;und;0;"Son acte de naissance, son acte de naturalisation et son brevet sont établis au nom de Fassoli ;  d'autres documents et beaucoup de ses productions adoptent l'orthographe Fasoli.";
node;imprimeur_lithographe;0;24336;24336;und;0;E. P., 27/05/2018.;
node;imprimeur_lithographe;0;24349;24349;und;0;Revu E. P., 16/08/2021.;
node;imprimeur_lithographe;0;24490;24490;und;0;Beau papier à en-tête dans le dossier Tousssaint;
node;imprimeur_lithographe;0;24495;24495;und;0;"Les archives départementales de la Moselle conservent à Metz un grand fonds, issu du dépôt légal, des images messines datées et signées ; la Médiathèque conserve, quant à elle, des collections d'images datées et mises en couleurs ; le musée des Arts et Traditions populaires a déposé trois albums d'images religieuses aux musées de la Cour d'or. Un bon de commande détaillant toute sa production figure dans son dossier des Archives nationales. E. P., 30/10/2019 ; 01/12/2023.";
node;imprimeur_lithographe;0;24541;24541;und;0;Revu E. P., 26/01/2022.;
node;imprimeur_lithographe;0;24543;24543;und;0;"Intéressant papier commercial.
E. P.,20/09/2014";
node;imprimeur_lithographe;0;24546;24546;und;0;Revu E. P., 18/08/2021.;
node;imprimeur_lithographe;0;24557;24557;und;0;Belle carte publicitaire avec tarifs.;
node;imprimeur_lithographe;0;24573;24573;und;0;Revu E. P., 09/12/2023.;
node;imprimeur_lithographe;0;24713;24713;und;0;S'appuyant sur plus de 500 exemples de la production d'Émile Niveduab, conservés dans une collection privée, Michael Twyman a consacré une remarquable étude à la création graphique de cet écrivain lithographe bordelais. Grâce au caractère exceptionnel de cette collection et à la richesse de l'étude qu'elle permet, c'est notre connaissance des multiples aspects du métier d'écrivain lithographe qui se trouve éclairée. E. P., 18/03/2020.;
node;imprimeur_lithographe;0;24716;24716;und;0;Revu E. P.,16/2/2020.;
node;imprimeur_lithographe;0;24717;24717;und;0;successeur Dusson ?;
node;imprimeur_lithographe;0;24743;24743;und;0;Nombreuses reproductions  de travaux de ville imprimés par Faye,  dessinés ou non par Niveduab.;
node;imprimeur_lithographe;0;24924;24924;und;0;E. P., 14/05/2021;
node;imprimeur_lithographe;0;25076;25076;und;0;E. P., 17/05/2021.;
node;imprimeur_lithographe;0;25110;25110;und;0;Toutes les illustrations sont issues d'une collection particulière.;
node;imprimeur_lithographe;0;25134;25134;und;0;Revu E. P., 1/02/2021.;
node;imprimeur_lithographe;0;25136;25136;und;0;Revu E. P., 1/02/2021.;
node;imprimeur_lithographe;0;25137;25137;und;0;"La Bibliothèque municipale de Châlons-en-Champagne a numérisé et mis en ligne, outre l'Évangile des dimanches et fêtes, un important fonds de cartes et plans lithographiés par les Barbat.   http://bmvr.chalonsenchampagne.fr/ 
      Revu E. P., 1/02/2021.

";
node;imprimeur_lithographe;0;25161;25161;und;0;E. P., 29/11/2018;
node;imprimeur_lithographe;0;25219;25219;und;0;Voir dossier Guibert (Jean-Baptiste Laurent);
node;imprimeur_lithographe;0;25278;25278;und;0;Il joint à son dossier plusieurs exemples de beaux en-tête commerciaux de sa main.;
node;imprimeur_lithographe;0;25379;25379;und;0;"Dans son ouvrage consacré à Blocquel, Bernard Musa a catalogué près de 300 images et 2 500 ouvrages, principalement destinés au colportage. On consultera aussi le catalogue des riches collections du MUCEN ; quelques reproductions classées au nom de Castiaux sont visibles sur le site Munaé.
Revu E. P., 11/01/2023.";
node;imprimeur_lithographe;0;25432;25432;und;0; E. P. 27/3/2015, revu 14/4/2019.;
node;imprimeur_lithographe;0;25473;25473;und;0;E. P., 14/02/2023.;
node;imprimeur_lithographe;0;25590;25590;und;0;Brevet sans dossier;
node;imprimeur_lithographe;0;25741;25741;und;0;"Mise à jour, 21/05/2018 ; 25/2/2022, E. P.";
node;imprimeur_lithographe;0;26193;26193;und;0;Ni Léonce Delahaye ni son successeur Sanson n'ont laissé de dossier.;
node;imprimeur_lithographe;0;26347;26347;und;0;Pas de déclaration.;
node;imprimeur_lithographe;0;26355;26355;und;0;Il n'est connu que par l'état statistique de 1876.;
node;imprimeur_lithographe;0;26568;26568;und;0;Bien qu'il ait été actif à Mâcon avant 1864, son mari n'a pas de dossier de brevet aux Archives nationales.;
node;imprimeur_lithographe;0;26677;26677;und;0;Une imprimerie Sauty et Dartois à Amiens signe des étiquettes de vins ;
node;imprimeur_lithographe;0;26708;26708;und;0;E. P., 14/05/2021.;
node;imprimeur_lithographe;0;26802;26802;und;0;E. P., 22/06/2018;
node;imprimeur_lithographe;0;26814;26814;und;0;E. P., 9/1/2017;
node;imprimeur_lithographe;0;26862;26862;und;0;Le dossier est particulièrement confus, l'enquête de police ayant recueilli des informations peu conciliables avec celles du Ministère. S'agit-il d'une erreur sur la personne ?;
node;imprimeur_lithographe;0;26873;26873;und;0;"E. P., 2/1/2019

";
node;imprimeur_lithographe;0;26892;26892;und;0;Revu E. P., 17/05/23.;
node;imprimeur_lithographe;0;26905;26905;und;0;Il semble qu'il faille prendre avec précautions le récit de ses malheurs que fait Bougon devant la commission de réparation instituée par la loi de 1881. S'il a bien été la victime de la répression napoléonienne pour sa participation à l'émeute de 1851 à Clamecy, puis de la vindicte du préfet de l'Yonne, il travestit certainement la vérité en affirmant qu'il a perdu 55 000 à 60 000 F dans la transaction avortée d'Avallon. Odobé affirmait avoir déboursé 25 000 F, ce qui semble déjà très cher, pour acquérir l'imprimerie cinq ans plus tôt. On peut douter qu'elle ait doublé de valeur en si peu de temps.;
node;imprimeur_lithographe;0;26957;26957;und;0;Son nom est orthographié Renaud dans son acte de naissance, mais il est plus souvent écrit Renault;
node;imprimeur_lithographe;0;26984;26984;und;0;"Exceptionnelle collection d'étiquettes de fil à coudre conservée à la Bibliothèque municipale de Lille et consultable en ligne :  http://numerique.bibliotheque.bm-lille.fr/
";
node;imprimeur_lithographe;0;26989;26989;und;0;"E. P., 20/11/2018 ; 6/11/2022";
node;imprimeur_lithographe;0;27004;27004;und;0;Son nom est orthographié Emmerich dans son acte de naissance. Il est ensuite orthographié Emmrich ou Emrich dans ses différents dossiers administratifs et dans la signature de ses lithographies. Voir la notice Emrich.;
node;imprimeur_lithographe;0;27009;27009;und;0;Son nom est orthographié Emmerich dans son acte de naissance. Il est ensuite orthographié Emmrich ou Emrich dans ses différents dossiers administratifs et dans la signature de ses lithographies.;
node;imprimeur_lithographe;0;27020;27020;und;0;E. P., 11/09/2018;
node;imprimeur_lithographe;0;27030;27030;und;0;E. P., 04/02/2023.;
node;imprimeur_lithographe;0;27032;27032;und;0;Les mêmes planches ayant été réimprimées pendant plusieurs années, leur datation précise est difficile.;
node;imprimeur_lithographe;0;27071;27071;und;0;"E. P., 18/07/2018 ; 24/06/2022.";
node;imprimeur_lithographe;0;27078;27078;und;0;E. P., 11/06/2018;
node;imprimeur_lithographe;0;27079;27079;und;0;E. P., 03/07/2018;
node;imprimeur_lithographe;0;27094;27094;und;0;Pas de dossier personnel aux Archives nationales, ni pour son brevet dans la série F/18, ni pour sa décoration. Cf dossier Bourse F/18/1739;
node;imprimeur_lithographe;0;27096;27096;und;0;E. P., 9/5/23.;
node;imprimeur_lithographe;0;27109;27109;und;0;Revu E. P., 4/4/2019;
node;imprimeur_lithographe;0;27110;27110;und;0;E. P., 8/4/2019;
node;imprimeur_lithographe;0;27111;27111;und;0;E. P., 10/04/2019;
node;imprimeur_lithographe;0;27114;27114;und;0;E. P. 23/4/2019;
node;imprimeur_lithographe;0;27116;27116;und;0;E. P., 20/5/2019;
node;imprimeur_lithographe;0;27126;27126;und;0;E. P., 14/10/2019;
node;imprimeur_lithographe;0;27127;27127;und;0;Revu E. P., 1/11/2019.;
node;imprimeur_lithographe;0;27145;27145;und;0;Pas de dossier aux Archives nationales.;
node;imprimeur_lithographe;0;27146;27146;und;0;Revu E. P., 02/09/2020.;
node;imprimeur_lithographe;0;27147;27147;und;0;Pas de dossier aux Archives nationales.;
node;imprimeur_lithographe;0;27148;27148;und;0;"Pas de dossier de brevet aux Archives nationales.
Créé E. P., 14/10/2020.";
node;imprimeur_lithographe;0;27153;27153;und;0;E. P., 03/11/2020.;
node;imprimeur_lithographe;0;27155;27155;und;0;Revu E. P., 15/11/2020.;
node;imprimeur_lithographe;0;27159;27159;und;0;E. P., 13/04/2021.;
node;imprimeur_lithographe;0;27162;27162;und;0;Le dossier pour Angoulême se trouve réuni à celui pour Paris.;
node;imprimeur_lithographe;0;27164;27164;und;0;Revu E. P., 1/02/2021.;
node;imprimeur_lithographe;0;27169;27169;und;0;E. P., 11/04/2021;
node;imprimeur_lithographe;0;27171;27171;und;0;E. P., 17/05/2021.;
node;imprimeur_lithographe;0;27174;27174;und;0;E. P., 27/07/2021.;
node;imprimeur_lithographe;0;27186;27186;und;0;E. P., 13/02/2023.;
