entity_type;bundle;deleted;entity_id;revision_id;language;delta;field_arrdt_value;field_arrdt_format
node;imprimeur_lithographe;0;10078;10078;und;0;11;plain_text
node;imprimeur_lithographe;0;10079;10079;und;0;10;plain_text
node;imprimeur_lithographe;0;10080;10080;und;0;5;plain_text
node;imprimeur_lithographe;0;10081;10081;und;0;4;plain_text
node;imprimeur_lithographe;0;10082;10082;und;0;5;plain_text
node;imprimeur_lithographe;0;10083;10083;und;0;1;plain_text
node;imprimeur_lithographe;0;10084;10084;und;0;5;plain_text
node;imprimeur_lithographe;0;10085;10085;und;0;9;plain_text
node;imprimeur_lithographe;0;10086;10086;und;0;2;plain_text
node;imprimeur_lithographe;0;10087;10087;und;0;1;plain_text
node;imprimeur_lithographe;0;10088;10088;und;0;1;plain_text
node;imprimeur_lithographe;0;10090;10090;und;0;3;plain_text
node;imprimeur_lithographe;0;10091;10091;und;0;2;plain_text
node;imprimeur_lithographe;0;10092;10092;und;0;10;plain_text
node;imprimeur_lithographe;0;10094;10094;und;0;10;plain_text
node;imprimeur_lithographe;0;10095;10095;und;0;9;plain_text
node;imprimeur_lithographe;0;10096;10096;und;0;10;plain_text
node;imprimeur_lithographe;0;10097;10097;und;0;3;plain_text
node;imprimeur_lithographe;0;10098;10098;und;0;1;plain_text
node;imprimeur_lithographe;0;10099;10099;und;0;3;plain_text
node;imprimeur_lithographe;0;10100;10100;und;0;3;plain_text
node;imprimeur_lithographe;0;10101;10101;und;0;18;plain_text
node;imprimeur_lithographe;0;10102;10102;und;0;6;plain_text
node;imprimeur_lithographe;0;10103;10103;und;0;18;plain_text
node;imprimeur_lithographe;0;10104;10104;und;0;2;plain_text
node;imprimeur_lithographe;0;10105;10105;und;0;2;plain_text
node;imprimeur_lithographe;0;10107;10107;und;0;2;plain_text
node;imprimeur_lithographe;0;10108;10108;und;0;6;plain_text
node;imprimeur_lithographe;0;10109;10109;und;0;1;plain_text
node;imprimeur_lithographe;0;10110;10110;und;0;4;plain_text
node;imprimeur_lithographe;0;10111;10111;und;0;11;plain_text
node;imprimeur_lithographe;0;10112;10112;und;0;1;plain_text
node;imprimeur_lithographe;0;10113;10113;und;0;5;plain_text
node;imprimeur_lithographe;0;10114;10114;und;0;11;plain_text
node;imprimeur_lithographe;0;10115;10115;und;0;4;plain_text
node;imprimeur_lithographe;0;10118;10118;und;0;3;plain_text
node;imprimeur_lithographe;0;10119;10119;und;0;9;plain_text
node;imprimeur_lithographe;0;10122;10122;und;0;2;plain_text
node;imprimeur_lithographe;0;10123;10123;und;0;2;plain_text
node;imprimeur_lithographe;0;10125;10125;und;0;10;plain_text
node;imprimeur_lithographe;0;10128;10128;und;0;3;plain_text
node;imprimeur_lithographe;0;10129;10129;und;0;6;plain_text
node;imprimeur_lithographe;0;10131;10131;und;0;2;plain_text
node;imprimeur_lithographe;0;10132;10132;und;0;2;plain_text
node;imprimeur_lithographe;0;10133;10133;und;0;10;plain_text
node;imprimeur_lithographe;0;10134;10134;und;0;2;plain_text
node;imprimeur_lithographe;0;10136;10136;und;0;2;plain_text
node;imprimeur_lithographe;0;10139;10139;und;0;4;plain_text
node;imprimeur_lithographe;0;10140;10140;und;0;5;plain_text
node;imprimeur_lithographe;0;10141;10141;und;0;2;plain_text
node;imprimeur_lithographe;0;10142;10142;und;0;5;plain_text
node;imprimeur_lithographe;0;10143;10143;und;0;1;plain_text
node;imprimeur_lithographe;0;10144;10144;und;0;10;plain_text
node;imprimeur_lithographe;0;10146;10146;und;0;8;plain_text
node;imprimeur_lithographe;0;10147;10147;und;0;3;plain_text
node;imprimeur_lithographe;0;10148;10148;und;0;15;plain_text
node;imprimeur_lithographe;0;10149;10149;und;0;9;plain_text
node;imprimeur_lithographe;0;10150;10150;und;0;6;plain_text
node;imprimeur_lithographe;0;10151;10151;und;0;9;plain_text
node;imprimeur_lithographe;0;10152;10152;und;0;10;plain_text
node;imprimeur_lithographe;0;10153;10153;und;0;5;plain_text
node;imprimeur_lithographe;0;10154;10154;und;0;4;plain_text
node;imprimeur_lithographe;0;10155;10155;und;0;6;plain_text
node;imprimeur_lithographe;0;10157;10157;und;0;3;plain_text
node;imprimeur_lithographe;0;10159;10159;und;0;3;plain_text
node;imprimeur_lithographe;0;10162;10162;und;0;4;plain_text
node;imprimeur_lithographe;0;10164;10164;und;0;5;plain_text
node;imprimeur_lithographe;0;10165;10165;und;0;3;plain_text
node;imprimeur_lithographe;0;10166;10166;und;0;11;plain_text
node;imprimeur_lithographe;0;10167;10167;und;0;6;plain_text
node;imprimeur_lithographe;0;10169;10169;und;0;3;plain_text
node;imprimeur_lithographe;0;10170;10170;und;0;3;plain_text
node;imprimeur_lithographe;0;10171;10171;und;0;4;plain_text
node;imprimeur_lithographe;0;10172;10172;und;0;15;plain_text
node;imprimeur_lithographe;0;10174;10174;und;0;2;plain_text
node;imprimeur_lithographe;0;10175;10175;und;0;2;plain_text
node;imprimeur_lithographe;0;10178;10178;und;0;6;plain_text
node;imprimeur_lithographe;0;10179;10179;und;0;3;plain_text
node;imprimeur_lithographe;0;10180;10180;und;0;2;plain_text
node;imprimeur_lithographe;0;10181;10181;und;0;4;plain_text
node;imprimeur_lithographe;0;10182;10182;und;0;2;plain_text
node;imprimeur_lithographe;0;10184;10184;und;0;10;plain_text
node;imprimeur_lithographe;0;10185;10185;und;0;2;plain_text
node;imprimeur_lithographe;0;10186;10186;und;0;3;plain_text
node;imprimeur_lithographe;0;10187;10187;und;0;6;plain_text
node;imprimeur_lithographe;0;10188;10188;und;0;17;plain_text
node;imprimeur_lithographe;0;10189;10189;und;0;1;plain_text
node;imprimeur_lithographe;0;10190;10190;und;0;8;plain_text
node;imprimeur_lithographe;0;10191;10191;und;0;1;plain_text
node;imprimeur_lithographe;0;10192;10192;und;0;2;plain_text
node;imprimeur_lithographe;0;10193;10193;und;0;1;plain_text
node;imprimeur_lithographe;0;10194;10194;und;0;2;plain_text
node;imprimeur_lithographe;0;10195;10195;und;0;12;plain_text
node;imprimeur_lithographe;0;10197;10197;und;0;7;plain_text
node;imprimeur_lithographe;0;10198;10198;und;0;3;plain_text
node;imprimeur_lithographe;0;10199;10199;und;0;9;plain_text
node;imprimeur_lithographe;0;10200;10200;und;0;1;plain_text
node;imprimeur_lithographe;0;10201;10201;und;0;3;plain_text
node;imprimeur_lithographe;0;10202;10202;und;0;4;plain_text
node;imprimeur_lithographe;0;10204;10204;und;0;2;plain_text
node;imprimeur_lithographe;0;10206;10206;und;0;9;plain_text
node;imprimeur_lithographe;0;10207;10207;und;0;12;plain_text
node;imprimeur_lithographe;0;10209;10209;und;0;10;plain_text
node;imprimeur_lithographe;0;10210;10210;und;0;5;plain_text
node;imprimeur_lithographe;0;10211;10211;und;0;19;plain_text
node;imprimeur_lithographe;0;10212;10212;und;0;3;plain_text
node;imprimeur_lithographe;0;10213;10213;und;0;2;plain_text
node;imprimeur_lithographe;0;10214;10214;und;0;1;plain_text
node;imprimeur_lithographe;0;10215;10215;und;0;12;plain_text
node;imprimeur_lithographe;0;10217;10217;und;0;1;plain_text
node;imprimeur_lithographe;0;10219;10219;und;0;4;plain_text
node;imprimeur_lithographe;0;10222;10222;und;0;4;plain_text
node;imprimeur_lithographe;0;10223;10223;und;0;1;plain_text
node;imprimeur_lithographe;0;10225;10225;und;0;5;plain_text
node;imprimeur_lithographe;0;10226;10226;und;0;6;plain_text
node;imprimeur_lithographe;0;10227;10227;und;0;5;plain_text
node;imprimeur_lithographe;0;10228;10228;und;0;2;plain_text
node;imprimeur_lithographe;0;10229;10229;und;0;3;plain_text
node;imprimeur_lithographe;0;10230;10230;und;0;18;plain_text
node;imprimeur_lithographe;0;10231;10231;und;0;5;plain_text
node;imprimeur_lithographe;0;10233;10233;und;0;2;plain_text
node;imprimeur_lithographe;0;10235;10235;und;0;4;plain_text
node;imprimeur_lithographe;0;10236;10236;und;0;5;plain_text
node;imprimeur_lithographe;0;10237;10237;und;0;6;plain_text
node;imprimeur_lithographe;0;10238;10238;und;0;10;plain_text
node;imprimeur_lithographe;0;10239;10239;und;0;2;plain_text
node;imprimeur_lithographe;0;10241;10241;und;0;3;plain_text
node;imprimeur_lithographe;0;10242;10242;und;0;1;plain_text
node;imprimeur_lithographe;0;10243;10243;und;0;2;plain_text
node;imprimeur_lithographe;0;10245;10245;und;0;5;plain_text
node;imprimeur_lithographe;0;10246;10246;und;0;5;plain_text
node;imprimeur_lithographe;0;10247;10247;und;0;2;plain_text
node;imprimeur_lithographe;0;10248;10248;und;0;2;plain_text
node;imprimeur_lithographe;0;10249;10249;und;0;3;plain_text
node;imprimeur_lithographe;0;10250;10250;und;0;10;plain_text
node;imprimeur_lithographe;0;10251;10251;und;0;4;plain_text
node;imprimeur_lithographe;0;10255;10255;und;0;2;plain_text
node;imprimeur_lithographe;0;10259;10259;und;0;8;plain_text
node;imprimeur_lithographe;0;10262;10262;und;0;5;plain_text
node;imprimeur_lithographe;0;10263;10263;und;0;1;plain_text
node;imprimeur_lithographe;0;10264;10264;und;0;7;plain_text
node;imprimeur_lithographe;0;10265;10265;und;0;16;plain_text
node;imprimeur_lithographe;0;10266;10266;und;0;11;plain_text
node;imprimeur_lithographe;0;10267;10267;und;0;4;plain_text
node;imprimeur_lithographe;0;10270;10270;und;0;4;plain_text
node;imprimeur_lithographe;0;10271;10271;und;0;7;plain_text
node;imprimeur_lithographe;0;10273;10273;und;0;10;plain_text
node;imprimeur_lithographe;0;10274;10274;und;0;6;plain_text
node;imprimeur_lithographe;0;10275;10275;und;0;3;plain_text
node;imprimeur_lithographe;0;10276;10276;und;0;2;plain_text
node;imprimeur_lithographe;0;10279;10279;und;0;4;plain_text
node;imprimeur_lithographe;0;10280;10280;und;0;4;plain_text
node;imprimeur_lithographe;0;10281;10281;und;0;1;plain_text
node;imprimeur_lithographe;0;10282;10282;und;0;10;plain_text
node;imprimeur_lithographe;0;10283;10283;und;0;6;plain_text
node;imprimeur_lithographe;0;10284;10284;und;0;5;plain_text
node;imprimeur_lithographe;0;10285;10285;und;0;5;plain_text
node;imprimeur_lithographe;0;10287;10287;und;0;3;plain_text
node;imprimeur_lithographe;0;10288;10288;und;0;4;plain_text
node;imprimeur_lithographe;0;10289;10289;und;0;2;plain_text
node;imprimeur_lithographe;0;10290;10290;und;0;6;plain_text
node;imprimeur_lithographe;0;10291;10291;und;0;10;plain_text
node;imprimeur_lithographe;0;10292;10292;und;0;8;plain_text
node;imprimeur_lithographe;0;10294;10294;und;0;1;plain_text
node;imprimeur_lithographe;0;10295;10295;und;0;9;plain_text
node;imprimeur_lithographe;0;10296;10296;und;0;9;plain_text
node;imprimeur_lithographe;0;10297;10297;und;0;18;plain_text
node;imprimeur_lithographe;0;10298;10298;und;0;2;plain_text
node;imprimeur_lithographe;0;10300;10300;und;0;14;plain_text
node;imprimeur_lithographe;0;10301;10301;und;0;7;plain_text
node;imprimeur_lithographe;0;10303;10303;und;0;9;plain_text
node;imprimeur_lithographe;0;10304;10304;und;0;5;plain_text
node;imprimeur_lithographe;0;10305;10305;und;0;10;plain_text
node;imprimeur_lithographe;0;10306;10306;und;0;5;plain_text
node;imprimeur_lithographe;0;10307;10307;und;0;3;plain_text
node;imprimeur_lithographe;0;10308;10308;und;0;5;plain_text
node;imprimeur_lithographe;0;10309;10309;und;0;2;plain_text
node;imprimeur_lithographe;0;10310;10310;und;0;1;plain_text
node;imprimeur_lithographe;0;10311;10311;und;0;10;plain_text
node;imprimeur_lithographe;0;10312;10312;und;0;10;plain_text
node;imprimeur_lithographe;0;10313;10313;und;0;4;plain_text
node;imprimeur_lithographe;0;10315;10315;und;0;10;plain_text
node;imprimeur_lithographe;0;10316;10316;und;0;4;plain_text
node;imprimeur_lithographe;0;10317;10317;und;0;1;plain_text
node;imprimeur_lithographe;0;10318;10318;und;0;2;plain_text
node;imprimeur_lithographe;0;10319;10319;und;0;5;plain_text
node;imprimeur_lithographe;0;10320;10320;und;0;5;plain_text
node;imprimeur_lithographe;0;10321;10321;und;0;2;plain_text
node;imprimeur_lithographe;0;10322;10322;und;0;9;plain_text
node;imprimeur_lithographe;0;10323;10323;und;0;1;plain_text
node;imprimeur_lithographe;0;10324;10324;und;0;2;plain_text
node;imprimeur_lithographe;0;10325;10325;und;0;2;plain_text
node;imprimeur_lithographe;0;10326;10326;und;0;2;plain_text
node;imprimeur_lithographe;0;10327;10327;und;0;17;plain_text
node;imprimeur_lithographe;0;10328;10328;und;0;4;plain_text
node;imprimeur_lithographe;0;10330;10330;und;0;1;plain_text
node;imprimeur_lithographe;0;10331;10331;und;0;6;plain_text
node;imprimeur_lithographe;0;10332;10332;und;0;3;plain_text
node;imprimeur_lithographe;0;10333;10333;und;0;3;plain_text
node;imprimeur_lithographe;0;10334;10334;und;0;2;plain_text
node;imprimeur_lithographe;0;10335;10335;und;0;1;plain_text
node;imprimeur_lithographe;0;10336;10336;und;0;6;plain_text
node;imprimeur_lithographe;0;10338;10338;und;0;3;plain_text
node;imprimeur_lithographe;0;10339;10339;und;0;3;plain_text
node;imprimeur_lithographe;0;10340;10340;und;0;2;plain_text
node;imprimeur_lithographe;0;10341;10341;und;0;3;plain_text
node;imprimeur_lithographe;0;10342;10342;und;0;2;plain_text
node;imprimeur_lithographe;0;10343;10343;und;0;2;plain_text
node;imprimeur_lithographe;0;10344;10344;und;0;4;plain_text
node;imprimeur_lithographe;0;10345;10345;und;0;18;plain_text
node;imprimeur_lithographe;0;10346;10346;und;0;2;plain_text
node;imprimeur_lithographe;0;10347;10347;und;0;3;plain_text
node;imprimeur_lithographe;0;10348;10348;und;0;3;plain_text
node;imprimeur_lithographe;0;10349;10349;und;0;3;plain_text
node;imprimeur_lithographe;0;10350;10350;und;0;8;plain_text
node;imprimeur_lithographe;0;10351;10351;und;0;4;plain_text
node;imprimeur_lithographe;0;10352;10352;und;0;6;plain_text
node;imprimeur_lithographe;0;10353;10353;und;0;2;plain_text
node;imprimeur_lithographe;0;10354;10354;und;0;9;plain_text
node;imprimeur_lithographe;0;10356;10356;und;0;2;plain_text
node;imprimeur_lithographe;0;10357;10357;und;0;7;plain_text
node;imprimeur_lithographe;0;10358;10358;und;0;2;plain_text
node;imprimeur_lithographe;0;10359;10359;und;0;2;plain_text
node;imprimeur_lithographe;0;10360;10360;und;0;1;plain_text
node;imprimeur_lithographe;0;10361;10361;und;0;9;plain_text
node;imprimeur_lithographe;0;10363;10363;und;0;9;plain_text
node;imprimeur_lithographe;0;10364;10364;und;0;2;plain_text
node;imprimeur_lithographe;0;10365;10365;und;0;2;plain_text
node;imprimeur_lithographe;0;10367;10367;und;0;2;plain_text
node;imprimeur_lithographe;0;10368;10368;und;0;5;plain_text
node;imprimeur_lithographe;0;10369;10369;und;0;5;plain_text
node;imprimeur_lithographe;0;10370;10370;und;0;3;plain_text
node;imprimeur_lithographe;0;10372;10372;und;0;5;plain_text
node;imprimeur_lithographe;0;10373;10373;und;0;3;plain_text
node;imprimeur_lithographe;0;10374;10374;und;0;1;plain_text
node;imprimeur_lithographe;0;10375;10375;und;0;9;plain_text
node;imprimeur_lithographe;0;10377;10377;und;0;2;plain_text
node;imprimeur_lithographe;0;10378;10378;und;0;2;plain_text
node;imprimeur_lithographe;0;10379;10379;und;0;6;plain_text
node;imprimeur_lithographe;0;10381;10381;und;0;6;plain_text
node;imprimeur_lithographe;0;10385;10385;und;0;10;plain_text
node;imprimeur_lithographe;0;10386;10386;und;0;10;plain_text
node;imprimeur_lithographe;0;10387;10387;und;0;2;plain_text
node;imprimeur_lithographe;0;10388;10388;und;0;2;plain_text
node;imprimeur_lithographe;0;10390;10390;und;0;9;plain_text
node;imprimeur_lithographe;0;10391;10391;und;0;10;plain_text
node;imprimeur_lithographe;0;10393;10393;und;0;2;plain_text
node;imprimeur_lithographe;0;10395;10395;und;0;4;plain_text
node;imprimeur_lithographe;0;10396;10396;und;0;1;plain_text
node;imprimeur_lithographe;0;10397;10397;und;0;14;plain_text
node;imprimeur_lithographe;0;10398;10398;und;0;2;plain_text
node;imprimeur_lithographe;0;10399;10399;und;0;2;plain_text
node;imprimeur_lithographe;0;10400;10400;und;0;1;plain_text
node;imprimeur_lithographe;0;10401;10401;und;0;7;plain_text
node;imprimeur_lithographe;0;10402;10402;und;0;1;plain_text
node;imprimeur_lithographe;0;10403;10403;und;0;16;plain_text
node;imprimeur_lithographe;0;10404;10404;und;0;16;plain_text
node;imprimeur_lithographe;0;10405;10405;und;0;5;plain_text
node;imprimeur_lithographe;0;10406;10406;und;0;6;plain_text
node;imprimeur_lithographe;0;10407;10407;und;0;4;plain_text
node;imprimeur_lithographe;0;10408;10408;und;0;2;plain_text
node;imprimeur_lithographe;0;10410;10410;und;0;11;plain_text
node;imprimeur_lithographe;0;10411;10411;und;0;5;plain_text
node;imprimeur_lithographe;0;10412;10412;und;0;2;plain_text
node;imprimeur_lithographe;0;10413;10413;und;0;1;plain_text
node;imprimeur_lithographe;0;10414;10414;und;0;6;plain_text
node;imprimeur_lithographe;0;10415;10415;und;0;6;plain_text
node;imprimeur_lithographe;0;10416;10416;und;0;3;plain_text
node;imprimeur_lithographe;0;10418;10418;und;0;2;plain_text
node;imprimeur_lithographe;0;10419;10419;und;0;6;plain_text
node;imprimeur_lithographe;0;10420;10420;und;0;3;plain_text
node;imprimeur_lithographe;0;10421;10421;und;0;1;plain_text
node;imprimeur_lithographe;0;10422;10422;und;0;2;plain_text
node;imprimeur_lithographe;0;10423;10423;und;0;2;plain_text
node;imprimeur_lithographe;0;10424;10424;und;0;1;plain_text
node;imprimeur_lithographe;0;10428;10428;und;0;1;plain_text
node;imprimeur_lithographe;0;10429;10429;und;0;6;plain_text
node;imprimeur_lithographe;0;10430;10430;und;0;6;plain_text
node;imprimeur_lithographe;0;10431;10431;und;0;2;plain_text
node;imprimeur_lithographe;0;10433;10433;und;0;2;plain_text
node;imprimeur_lithographe;0;10434;10434;und;0;2;plain_text
node;imprimeur_lithographe;0;10435;10435;und;0;17;plain_text
node;imprimeur_lithographe;0;10436;10436;und;0;14;plain_text
node;imprimeur_lithographe;0;10437;10437;und;0;3;plain_text
node;imprimeur_lithographe;0;10438;10438;und;0;4;plain_text
node;imprimeur_lithographe;0;10439;10439;und;0;4;plain_text
node;imprimeur_lithographe;0;10441;10441;und;0;11;plain_text
node;imprimeur_lithographe;0;10442;10442;und;0;5;plain_text
node;imprimeur_lithographe;0;10444;10444;und;0;2;plain_text
node;imprimeur_lithographe;0;10445;10445;und;0;1;plain_text
node;imprimeur_lithographe;0;10447;10447;und;0;2;plain_text
node;imprimeur_lithographe;0;10448;10448;und;0;6;plain_text
node;imprimeur_lithographe;0;10449;10449;und;0;1;plain_text
node;imprimeur_lithographe;0;10450;10450;und;0;2;plain_text
node;imprimeur_lithographe;0;10451;10451;und;0;9;plain_text
node;imprimeur_lithographe;0;10452;10452;und;0;2;plain_text
node;imprimeur_lithographe;0;10453;10453;und;0;6;plain_text
node;imprimeur_lithographe;0;10454;10454;und;0;18;plain_text
node;imprimeur_lithographe;0;10455;10455;und;0;2;plain_text
node;imprimeur_lithographe;0;10456;10456;und;0;3;plain_text
node;imprimeur_lithographe;0;10457;10457;und;0;17;plain_text
node;imprimeur_lithographe;0;10458;10458;und;0;1;plain_text
node;imprimeur_lithographe;0;10459;10459;und;0;1;plain_text
node;imprimeur_lithographe;0;10460;10460;und;0;19;plain_text
node;imprimeur_lithographe;0;10461;10461;und;0;3;plain_text
node;imprimeur_lithographe;0;10462;10462;und;0;18;plain_text
node;imprimeur_lithographe;0;10463;10463;und;0;1;plain_text
node;imprimeur_lithographe;0;10464;10464;und;0;6;plain_text
node;imprimeur_lithographe;0;10465;10465;und;0;10;plain_text
node;imprimeur_lithographe;0;10466;10466;und;0;4;plain_text
node;imprimeur_lithographe;0;10467;10467;und;0;9;plain_text
node;imprimeur_lithographe;0;10469;10469;und;0;2;plain_text
node;imprimeur_lithographe;0;10470;10470;und;0;3;plain_text
node;imprimeur_lithographe;0;10471;10471;und;0;2;plain_text
node;imprimeur_lithographe;0;10472;10472;und;0;4;plain_text
node;imprimeur_lithographe;0;10473;10473;und;0;4;plain_text
node;imprimeur_lithographe;0;10474;10474;und;0;5;plain_text
node;imprimeur_lithographe;0;10475;10475;und;0;6;plain_text
node;imprimeur_lithographe;0;10476;10476;und;0;2;plain_text
node;imprimeur_lithographe;0;10477;10477;und;0;3;plain_text
node;imprimeur_lithographe;0;10478;10478;und;0;18;plain_text
node;imprimeur_lithographe;0;10479;10479;und;0;1;plain_text
node;imprimeur_lithographe;0;10480;10480;und;0;6;plain_text
node;imprimeur_lithographe;0;10481;10481;und;0;2;plain_text
node;imprimeur_lithographe;0;10482;10482;und;0;2;plain_text
node;imprimeur_lithographe;0;10483;10483;und;0;1;plain_text
node;imprimeur_lithographe;0;10484;10484;und;0;1;plain_text
node;imprimeur_lithographe;0;10485;10485;und;0;1;plain_text
node;imprimeur_lithographe;0;10486;10486;und;0;6;plain_text
node;imprimeur_lithographe;0;10487;10487;und;0;1;plain_text
node;imprimeur_lithographe;0;10488;10488;und;0;2;plain_text
node;imprimeur_lithographe;0;10489;10489;und;0;10;plain_text
node;imprimeur_lithographe;0;10490;10490;und;0;10;plain_text
node;imprimeur_lithographe;0;10491;10491;und;0;3;plain_text
node;imprimeur_lithographe;0;10492;10492;und;0;5;plain_text
node;imprimeur_lithographe;0;10493;10493;und;0;2;plain_text
node;imprimeur_lithographe;0;10494;10494;und;0;1;plain_text
node;imprimeur_lithographe;0;10495;10495;und;0;4;plain_text
node;imprimeur_lithographe;0;10496;10496;und;0;1;plain_text
node;imprimeur_lithographe;0;10497;10497;und;0;2;plain_text
node;imprimeur_lithographe;0;10498;10498;und;0;2;plain_text
node;imprimeur_lithographe;0;10499;10499;und;0;5;plain_text
node;imprimeur_lithographe;0;10500;10500;und;0;3;plain_text
node;imprimeur_lithographe;0;10501;10501;und;0;2;plain_text
node;imprimeur_lithographe;0;10502;10502;und;0;9;plain_text
node;imprimeur_lithographe;0;10503;10503;und;0;3;plain_text
node;imprimeur_lithographe;0;10504;10504;und;0;2;plain_text
node;imprimeur_lithographe;0;10505;10505;und;0;2;plain_text
node;imprimeur_lithographe;0;10506;10506;und;0;18;plain_text
node;imprimeur_lithographe;0;10507;10507;und;0;3;plain_text
node;imprimeur_lithographe;0;10508;10508;und;0;3;plain_text
node;imprimeur_lithographe;0;10509;10509;und;0;3;plain_text
node;imprimeur_lithographe;0;10510;10510;und;0;5;plain_text
node;imprimeur_lithographe;0;10511;10511;und;0;10;plain_text
node;imprimeur_lithographe;0;10515;10515;und;0;2;plain_text
node;imprimeur_lithographe;0;10516;10516;und;0;4;plain_text
node;imprimeur_lithographe;0;10517;10517;und;0;6;plain_text
node;imprimeur_lithographe;0;10518;10518;und;0;2;plain_text
node;imprimeur_lithographe;0;10519;10519;und;0;2;plain_text
node;imprimeur_lithographe;0;10521;10521;und;0;2;plain_text
node;imprimeur_lithographe;0;10522;10522;und;0;1;plain_text
node;imprimeur_lithographe;0;10523;10523;und;0;11;plain_text
node;imprimeur_lithographe;0;10524;10524;und;0;2;plain_text
node;imprimeur_lithographe;0;10525;10525;und;0;6;plain_text
node;imprimeur_lithographe;0;10528;10528;und;0;3;plain_text
node;imprimeur_lithographe;0;10529;10529;und;0;11;plain_text
node;imprimeur_lithographe;0;10530;10530;und;0;11;plain_text
node;imprimeur_lithographe;0;10531;10531;und;0;3;plain_text
node;imprimeur_lithographe;0;10532;10532;und;0;10;plain_text
node;imprimeur_lithographe;0;10534;10534;und;0;6;plain_text
node;imprimeur_lithographe;0;10535;10535;und;0;3;plain_text
node;imprimeur_lithographe;0;10536;10536;und;0;1;plain_text
node;imprimeur_lithographe;0;10537;10537;und;0;3;plain_text
node;imprimeur_lithographe;0;10538;10538;und;0;3;plain_text
node;imprimeur_lithographe;0;10539;10539;und;0;9;plain_text
node;imprimeur_lithographe;0;10540;10540;und;0;3;plain_text
node;imprimeur_lithographe;0;10542;10542;und;0;3;plain_text
node;imprimeur_lithographe;0;10543;10543;und;0;10;plain_text
node;imprimeur_lithographe;0;10544;10544;und;0;6;plain_text
node;imprimeur_lithographe;0;10545;10545;und;0;10;plain_text
node;imprimeur_lithographe;0;10546;10546;und;0;1;plain_text
node;imprimeur_lithographe;0;10547;10547;und;0;14;plain_text
node;imprimeur_lithographe;0;10548;10548;und;0;1;plain_text
node;imprimeur_lithographe;0;10549;10549;und;0;2;plain_text
node;imprimeur_lithographe;0;10551;10551;und;0;5;plain_text
node;imprimeur_lithographe;0;10552;10552;und;0;9;plain_text
node;imprimeur_lithographe;0;10554;10554;und;0;2;plain_text
node;imprimeur_lithographe;0;10555;10555;und;0;2;plain_text
node;imprimeur_lithographe;0;10556;10556;und;0;1;plain_text
node;imprimeur_lithographe;0;10557;10557;und;0;9;plain_text
node;imprimeur_lithographe;0;10558;10558;und;0;3;plain_text
node;imprimeur_lithographe;0;10560;10560;und;0;2;plain_text
node;imprimeur_lithographe;0;10561;10561;und;0;1;plain_text
node;imprimeur_lithographe;0;10563;10563;und;0;7;plain_text
node;imprimeur_lithographe;0;10564;10564;und;0;12;plain_text
node;imprimeur_lithographe;0;10565;10565;und;0;12;plain_text
node;imprimeur_lithographe;0;10568;10568;und;0;6;plain_text
node;imprimeur_lithographe;0;10569;10569;und;0;3;plain_text
node;imprimeur_lithographe;0;10570;10570;und;0;3;plain_text
node;imprimeur_lithographe;0;10571;10571;und;0;6;plain_text
node;imprimeur_lithographe;0;10572;10572;und;0;9;plain_text
node;imprimeur_lithographe;0;10573;10573;und;0;6;plain_text
node;imprimeur_lithographe;0;10574;10574;und;0;9;plain_text
node;imprimeur_lithographe;0;10575;10575;und;0;6;plain_text
node;imprimeur_lithographe;0;10578;10578;und;0;6;plain_text
node;imprimeur_lithographe;0;10579;10579;und;0;6;plain_text
node;imprimeur_lithographe;0;10580;10580;und;0;4;plain_text
node;imprimeur_lithographe;0;10581;10581;und;0;1;plain_text
node;imprimeur_lithographe;0;10582;10582;und;0;1;plain_text
node;imprimeur_lithographe;0;10583;10583;und;0;18;plain_text
node;imprimeur_lithographe;0;10584;10584;und;0;2;plain_text
node;imprimeur_lithographe;0;10585;10585;und;0;11;plain_text
node;imprimeur_lithographe;0;10587;10587;und;0;1;plain_text
node;imprimeur_lithographe;0;10588;10588;und;0;6;plain_text
node;imprimeur_lithographe;0;10590;10590;und;0;2;plain_text
node;imprimeur_lithographe;0;10591;10591;und;0;5;plain_text
node;imprimeur_lithographe;0;10592;10592;und;0;4;plain_text
node;imprimeur_lithographe;0;10593;10593;und;0;10;plain_text
node;imprimeur_lithographe;0;10595;10595;und;0;9;plain_text
node;imprimeur_lithographe;0;10596;10596;und;0;16;plain_text
node;imprimeur_lithographe;0;10598;10598;und;0;6;plain_text
node;imprimeur_lithographe;0;10600;10600;und;0;4;plain_text
node;imprimeur_lithographe;0;10601;10601;und;0;1;plain_text
node;imprimeur_lithographe;0;10602;10602;und;0;2;plain_text
node;imprimeur_lithographe;0;10603;10603;und;0;5;plain_text
node;imprimeur_lithographe;0;10604;10604;und;0;1;plain_text
node;imprimeur_lithographe;0;10605;10605;und;0;1;plain_text
node;imprimeur_lithographe;0;10606;10606;und;0;1;plain_text
node;imprimeur_lithographe;0;10607;10607;und;0;3;plain_text
node;imprimeur_lithographe;0;10608;10608;und;0;2;plain_text
node;imprimeur_lithographe;0;10609;10609;und;0;5;plain_text
node;imprimeur_lithographe;0;10610;10610;und;0;5;plain_text
node;imprimeur_lithographe;0;10612;10612;und;0;3;plain_text
node;imprimeur_lithographe;0;10613;10613;und;0;5;plain_text
node;imprimeur_lithographe;0;10614;10614;und;0;7;plain_text
node;imprimeur_lithographe;0;10615;10615;und;0;2;plain_text
node;imprimeur_lithographe;0;10616;10616;und;0;14;plain_text
node;imprimeur_lithographe;0;10617;10617;und;0;4;plain_text
node;imprimeur_lithographe;0;10618;10618;und;0;1;plain_text
node;imprimeur_lithographe;0;10619;10619;und;0;11;plain_text
node;imprimeur_lithographe;0;10620;10620;und;0;1;plain_text
node;imprimeur_lithographe;0;10621;10621;und;0;2;plain_text
node;imprimeur_lithographe;0;10622;10622;und;0;4;plain_text
node;imprimeur_lithographe;0;10623;10623;und;0;2;plain_text
node;imprimeur_lithographe;0;10624;10624;und;0;2;plain_text
node;imprimeur_lithographe;0;10625;10625;und;0;6;plain_text
node;imprimeur_lithographe;0;10626;10626;und;0;4;plain_text
node;imprimeur_lithographe;0;10627;10627;und;0;3;plain_text
node;imprimeur_lithographe;0;10628;10628;und;0;9;plain_text
node;imprimeur_lithographe;0;10630;10630;und;0;5;plain_text
node;imprimeur_lithographe;0;10632;10632;und;0;2;plain_text
node;imprimeur_lithographe;0;10633;10633;und;0;4;plain_text
node;imprimeur_lithographe;0;10634;10634;und;0;2;plain_text
node;imprimeur_lithographe;0;10635;10635;und;0;11;plain_text
node;imprimeur_lithographe;0;10636;10636;und;0;2;plain_text
node;imprimeur_lithographe;0;10637;10637;und;0;1;plain_text
node;imprimeur_lithographe;0;10638;10638;und;0;6;plain_text
node;imprimeur_lithographe;0;10639;10639;und;0;2;plain_text
node;imprimeur_lithographe;0;10640;10640;und;0;2;plain_text
node;imprimeur_lithographe;0;10641;10641;und;0;8;plain_text
node;imprimeur_lithographe;0;10642;10642;und;0;9;plain_text
node;imprimeur_lithographe;0;10643;10643;und;0;9;plain_text
node;imprimeur_lithographe;0;10644;10644;und;0;20;plain_text
node;imprimeur_lithographe;0;10645;10645;und;0;1;plain_text
node;imprimeur_lithographe;0;10646;10646;und;0;1;plain_text
node;imprimeur_lithographe;0;10647;10647;und;0;18;plain_text
node;imprimeur_lithographe;0;10648;10648;und;0;9;plain_text
node;imprimeur_lithographe;0;10649;10649;und;0;5;plain_text
node;imprimeur_lithographe;0;10651;10651;und;0;3;plain_text
node;imprimeur_lithographe;0;10652;10652;und;0;6;plain_text
node;imprimeur_lithographe;0;10653;10653;und;0;1;plain_text
node;imprimeur_lithographe;0;10654;10654;und;0;6;plain_text
node;imprimeur_lithographe;0;10655;10655;und;0;4;plain_text
node;imprimeur_lithographe;0;10656;10656;und;0;7;plain_text
node;imprimeur_lithographe;0;10657;10657;und;0;4;plain_text
node;imprimeur_lithographe;0;10658;10658;und;0;1;plain_text
node;imprimeur_lithographe;0;10659;10659;und;0;5;plain_text
node;imprimeur_lithographe;0;10660;10660;und;0;2;plain_text
node;imprimeur_lithographe;0;10664;10664;und;0;6;plain_text
node;imprimeur_lithographe;0;10665;10665;und;0;11;plain_text
node;imprimeur_lithographe;0;10666;10666;und;0;2;plain_text
node;imprimeur_lithographe;0;10667;10667;und;0;3;plain_text
node;imprimeur_lithographe;0;10668;10668;und;0;8;plain_text
node;imprimeur_lithographe;0;10669;10669;und;0;10;plain_text
node;imprimeur_lithographe;0;10670;10670;und;0;4;plain_text
node;imprimeur_lithographe;0;10671;10671;und;0;2;plain_text
node;imprimeur_lithographe;0;10672;10672;und;0;2;plain_text
node;imprimeur_lithographe;0;10674;10674;und;0;10;plain_text
node;imprimeur_lithographe;0;10675;10675;und;0;5;plain_text
node;imprimeur_lithographe;0;10676;10676;und;0;7;plain_text
node;imprimeur_lithographe;0;10677;10677;und;0;14;plain_text
node;imprimeur_lithographe;0;10679;10679;und;0;3;plain_text
node;imprimeur_lithographe;0;10680;10680;und;0;3;plain_text
node;imprimeur_lithographe;0;10681;10681;und;0;4;plain_text
node;imprimeur_lithographe;0;10682;10682;und;0;1;plain_text
node;imprimeur_lithographe;0;10683;10683;und;0;2;plain_text
node;imprimeur_lithographe;0;10684;10684;und;0;3;plain_text
node;imprimeur_lithographe;0;10685;10685;und;0;4;plain_text
node;imprimeur_lithographe;0;10687;10687;und;0;5;plain_text
node;imprimeur_lithographe;0;10688;10688;und;0;5;plain_text
node;imprimeur_lithographe;0;10689;10689;und;0;3;plain_text
node;imprimeur_lithographe;0;10690;10690;und;0;1;plain_text
node;imprimeur_lithographe;0;10691;10691;und;0;2;plain_text
node;imprimeur_lithographe;0;10692;10692;und;0;7;plain_text
node;imprimeur_lithographe;0;10693;10693;und;0;6;plain_text
node;imprimeur_lithographe;0;10694;10694;und;0;1;plain_text
node;imprimeur_lithographe;0;10695;10695;und;0;19;plain_text
node;imprimeur_lithographe;0;10696;10696;und;0;3;plain_text
node;imprimeur_lithographe;0;10697;10697;und;0;1;plain_text
node;imprimeur_lithographe;0;10698;10698;und;0;2;plain_text
node;imprimeur_lithographe;0;10699;10699;und;0;4;plain_text
node;imprimeur_lithographe;0;10700;10700;und;0;1;plain_text
node;imprimeur_lithographe;0;10701;10701;und;0;2;plain_text
node;imprimeur_lithographe;0;10702;10702;und;0;5;plain_text
node;imprimeur_lithographe;0;10703;10703;und;0;2;plain_text
node;imprimeur_lithographe;0;10705;10705;und;0;2;plain_text
node;imprimeur_lithographe;0;10706;10706;und;0;2;plain_text
node;imprimeur_lithographe;0;10707;10707;und;0;13;plain_text
node;imprimeur_lithographe;0;10708;10708;und;0;2;plain_text
node;imprimeur_lithographe;0;10709;10709;und;0;3;plain_text
node;imprimeur_lithographe;0;10710;10710;und;0;6;plain_text
node;imprimeur_lithographe;0;10711;10711;und;0;2;plain_text
node;imprimeur_lithographe;0;10712;10712;und;0;5;plain_text
node;imprimeur_lithographe;0;10713;10713;und;0;2;plain_text
node;imprimeur_lithographe;0;10714;10714;und;0;2;plain_text
node;imprimeur_lithographe;0;10715;10715;und;0;9;plain_text
node;imprimeur_lithographe;0;10716;10716;und;0;8;plain_text
node;imprimeur_lithographe;0;10718;10718;und;0;6;plain_text
node;imprimeur_lithographe;0;10719;10719;und;0;5;plain_text
node;imprimeur_lithographe;0;10720;10720;und;0;4;plain_text
node;imprimeur_lithographe;0;10721;10721;und;0;19;plain_text
node;imprimeur_lithographe;0;10722;10722;und;0;1;plain_text
node;imprimeur_lithographe;0;10723;10723;und;0;8;plain_text
node;imprimeur_lithographe;0;10724;10724;und;0;3;plain_text
node;imprimeur_lithographe;0;10725;10725;und;0;3;plain_text
node;imprimeur_lithographe;0;10726;10726;und;0;20;plain_text
node;imprimeur_lithographe;0;10728;10728;und;0;2;plain_text
node;imprimeur_lithographe;0;10729;10729;und;0;3;plain_text
node;imprimeur_lithographe;0;10730;10730;und;0;5;plain_text
node;imprimeur_lithographe;0;10731;10731;und;0;10;plain_text
node;imprimeur_lithographe;0;10733;10733;und;0;7;plain_text
node;imprimeur_lithographe;0;10734;10734;und;0;3;plain_text
node;imprimeur_lithographe;0;10736;10736;und;0;2;plain_text
node;imprimeur_lithographe;0;10737;10737;und;0;4;plain_text
node;imprimeur_lithographe;0;10738;10738;und;0;3;plain_text
node;imprimeur_lithographe;0;10740;10740;und;0;2;plain_text
node;imprimeur_lithographe;0;10741;10741;und;0;2;plain_text
node;imprimeur_lithographe;0;10742;10742;und;0;5;plain_text
node;imprimeur_lithographe;0;10989;10989;und;0;11;plain_text
node;imprimeur_lithographe;0;10990;10990;und;0;10;plain_text
node;imprimeur_lithographe;0;10991;10991;und;0;5;plain_text
node;imprimeur_lithographe;0;10992;10992;und;0;4;plain_text
node;imprimeur_lithographe;0;10993;10993;und;0;5;plain_text
node;imprimeur_lithographe;0;10994;10994;und;0;1;plain_text
node;imprimeur_lithographe;0;10995;10995;und;0;5;plain_text
node;imprimeur_lithographe;0;10996;10996;und;0;9;plain_text
node;imprimeur_lithographe;0;10997;10997;und;0;2;plain_text
node;imprimeur_lithographe;0;10998;10998;und;0;1;plain_text
node;imprimeur_lithographe;0;10999;10999;und;0;1;plain_text
node;imprimeur_lithographe;0;11001;11001;und;0;3;plain_text
node;imprimeur_lithographe;0;11002;11002;und;0;2;plain_text
node;imprimeur_lithographe;0;11003;11003;und;0;10;plain_text
node;imprimeur_lithographe;0;11005;11005;und;0;10;plain_text
node;imprimeur_lithographe;0;11006;11006;und;0;9;plain_text
node;imprimeur_lithographe;0;11007;11007;und;0;10;plain_text
node;imprimeur_lithographe;0;11008;11008;und;0;3;plain_text
node;imprimeur_lithographe;0;11009;11009;und;0;1;plain_text
node;imprimeur_lithographe;0;11010;11010;und;0;3;plain_text
node;imprimeur_lithographe;0;11011;11011;und;0;3;plain_text
node;imprimeur_lithographe;0;11012;11012;und;0;18;plain_text
node;imprimeur_lithographe;0;11013;11013;und;0;6;plain_text
node;imprimeur_lithographe;0;11014;11014;und;0;18;plain_text
node;imprimeur_lithographe;0;11015;11015;und;0;2;plain_text
node;imprimeur_lithographe;0;11016;11016;und;0;2;plain_text
node;imprimeur_lithographe;0;11018;11018;und;0;2;plain_text
node;imprimeur_lithographe;0;11019;11019;und;0;6;plain_text
node;imprimeur_lithographe;0;11020;11020;und;0;1;plain_text
node;imprimeur_lithographe;0;11021;11021;und;0;4;plain_text
node;imprimeur_lithographe;0;11022;11022;und;0;11;plain_text
node;imprimeur_lithographe;0;11023;11023;und;0;1;plain_text
node;imprimeur_lithographe;0;11024;11024;und;0;5;plain_text
node;imprimeur_lithographe;0;11025;11025;und;0;11;plain_text
node;imprimeur_lithographe;0;11026;11026;und;0;4;plain_text
node;imprimeur_lithographe;0;11029;11029;und;0;3;plain_text
node;imprimeur_lithographe;0;11030;11030;und;0;9;plain_text
node;imprimeur_lithographe;0;11033;11033;und;0;2;plain_text
node;imprimeur_lithographe;0;11034;11034;und;0;2;plain_text
node;imprimeur_lithographe;0;11036;11036;und;0;10;plain_text
node;imprimeur_lithographe;0;11039;11039;und;0;3;plain_text
node;imprimeur_lithographe;0;11040;11040;und;0;6;plain_text
node;imprimeur_lithographe;0;11042;11042;und;0;2;plain_text
node;imprimeur_lithographe;0;11043;11043;und;0;2;plain_text
node;imprimeur_lithographe;0;11044;11044;und;0;10;plain_text
node;imprimeur_lithographe;0;11045;11045;und;0;2;plain_text
node;imprimeur_lithographe;0;11047;11047;und;0;2;plain_text
node;imprimeur_lithographe;0;11050;11050;und;0;4;plain_text
node;imprimeur_lithographe;0;11051;11051;und;0;5;plain_text
node;imprimeur_lithographe;0;11052;11052;und;0;2;plain_text
node;imprimeur_lithographe;0;11053;11053;und;0;5;plain_text
node;imprimeur_lithographe;0;11054;11054;und;0;1;plain_text
node;imprimeur_lithographe;0;11055;11055;und;0;10;plain_text
node;imprimeur_lithographe;0;11057;11057;und;0;8;plain_text
node;imprimeur_lithographe;0;11058;11058;und;0;3;plain_text
node;imprimeur_lithographe;0;11059;11059;und;0;15;plain_text
node;imprimeur_lithographe;0;11060;11060;und;0;9;plain_text
node;imprimeur_lithographe;0;11061;11061;und;0;6;plain_text
node;imprimeur_lithographe;0;11062;11062;und;0;9;plain_text
node;imprimeur_lithographe;0;11063;11063;und;0;10;plain_text
node;imprimeur_lithographe;0;11064;11064;und;0;5;plain_text
node;imprimeur_lithographe;0;11065;11065;und;0;4;plain_text
node;imprimeur_lithographe;0;11066;11066;und;0;6;plain_text
node;imprimeur_lithographe;0;21531;21531;und;0;11;
node;imprimeur_lithographe;0;21532;21532;und;0;10;
node;imprimeur_lithographe;0;21533;21533;und;0;5;
node;imprimeur_lithographe;0;21534;21534;und;0;4;
node;imprimeur_lithographe;0;21535;21535;und;0;5;
node;imprimeur_lithographe;0;21536;21536;und;0;1;
node;imprimeur_lithographe;0;21537;21537;und;0;5;
node;imprimeur_lithographe;0;21538;21538;und;0;9;
node;imprimeur_lithographe;0;21539;21539;und;0;2;
node;imprimeur_lithographe;0;21540;21540;und;0;1;
node;imprimeur_lithographe;0;21541;21541;und;0;1;
node;imprimeur_lithographe;0;21543;21543;und;0;3;
node;imprimeur_lithographe;0;21544;21544;und;0;2;
node;imprimeur_lithographe;0;21545;21545;und;0;10;
node;imprimeur_lithographe;0;21547;21547;und;0;10;
node;imprimeur_lithographe;0;21548;21548;und;0;9;
node;imprimeur_lithographe;0;21549;21549;und;0;10;
node;imprimeur_lithographe;0;21550;21550;und;0;3;
node;imprimeur_lithographe;0;21551;21551;und;0;1;
node;imprimeur_lithographe;0;21552;21552;und;0;3;
node;imprimeur_lithographe;0;21553;21553;und;0;3;
node;imprimeur_lithographe;0;21554;21554;und;0;18;
node;imprimeur_lithographe;0;21555;21555;und;0;6;
node;imprimeur_lithographe;0;21556;21556;und;0;18;
node;imprimeur_lithographe;0;21557;21557;und;0;2;
node;imprimeur_lithographe;0;21558;21558;und;0;2;
node;imprimeur_lithographe;0;21560;21560;und;0;2;
node;imprimeur_lithographe;0;21561;21561;und;0;6;
node;imprimeur_lithographe;0;21562;21562;und;0;1;
node;imprimeur_lithographe;0;21564;21564;und;0;4;
node;imprimeur_lithographe;0;21565;21565;und;0;11;
node;imprimeur_lithographe;0;21566;21566;und;0;1;
node;imprimeur_lithographe;0;21567;21567;und;0;9;
node;imprimeur_lithographe;0;21568;21568;und;0;1;
node;imprimeur_lithographe;0;21569;21569;und;0;4;
node;imprimeur_lithographe;0;21570;21570;und;0;2;
node;imprimeur_lithographe;0;21571;21571;und;0;2;
node;imprimeur_lithographe;0;21572;21572;und;0;2;
node;imprimeur_lithographe;0;21573;21573;und;0;6;
node;imprimeur_lithographe;0;21575;21575;und;0;9;
node;imprimeur_lithographe;0;21576;21576;und;0;6;
node;imprimeur_lithographe;0;21577;21577;und;0;9;
node;imprimeur_lithographe;0;21578;21578;und;0;11;
node;imprimeur_lithographe;0;21579;21579;und;0;2;
node;imprimeur_lithographe;0;21580;21580;und;0;15;
node;imprimeur_lithographe;0;21582;21582;und;0;2;
node;imprimeur_lithographe;0;21583;21583;und;0;10;
node;imprimeur_lithographe;0;21584;21584;und;0;5;
node;imprimeur_lithographe;0;21585;21585;und;0;10;
node;imprimeur_lithographe;0;21587;21587;und;0;2;
node;imprimeur_lithographe;0;21588;21588;und;0;9;
node;imprimeur_lithographe;0;21589;21589;und;0;16;
node;imprimeur_lithographe;0;21590;21590;und;0;9;
node;imprimeur_lithographe;0;21591;21591;und;0;6;
node;imprimeur_lithographe;0;21592;21592;und;0;6;
node;imprimeur_lithographe;0;21593;21593;und;0;2;
node;imprimeur_lithographe;0;21594;21594;und;0;5;
node;imprimeur_lithographe;0;21595;21595;und;0;5;
node;imprimeur_lithographe;0;21596;21596;und;0;2;
node;imprimeur_lithographe;0;21599;21599;und;0;18;
node;imprimeur_lithographe;0;21600;21600;und;0;1;
node;imprimeur_lithographe;0;21601;21601;und;0;5;
node;imprimeur_lithographe;0;21602;21602;und;0;5;
node;imprimeur_lithographe;0;21603;21603;und;0;8;
node;imprimeur_lithographe;0;21604;21604;und;0;5;
node;imprimeur_lithographe;0;21605;21605;und;0;2;
node;imprimeur_lithographe;0;21606;21606;und;0;1;
node;imprimeur_lithographe;0;21607;21607;und;0;7e;
node;imprimeur_lithographe;0;21609;21609;und;0;1;
node;imprimeur_lithographe;0;21610;21610;und;0;5;
node;imprimeur_lithographe;0;21611;21611;und;0;2;
node;imprimeur_lithographe;0;21612;21612;und;0;2;
node;imprimeur_lithographe;0;21613;21613;und;0;2;
node;imprimeur_lithographe;0;21614;21614;und;0;9;
node;imprimeur_lithographe;0;21615;21615;und;0;14;
node;imprimeur_lithographe;0;21616;21616;und;0;19;
node;imprimeur_lithographe;0;21617;21617;und;0;14;
node;imprimeur_lithographe;0;21618;21618;und;0;2;
node;imprimeur_lithographe;0;21619;21619;und;0;2;
node;imprimeur_lithographe;0;21620;21620;und;0;1;
node;imprimeur_lithographe;0;21621;21621;und;0;10;
node;imprimeur_lithographe;0;21622;21622;und;0;7;
node;imprimeur_lithographe;0;21623;21623;und;0;6;
node;imprimeur_lithographe;0;21624;21624;und;0;6;
node;imprimeur_lithographe;0;21625;21625;und;0;6;
node;imprimeur_lithographe;0;21626;21626;und;0;6;
node;imprimeur_lithographe;0;21627;21627;und;0;9;
node;imprimeur_lithographe;0;21629;21629;und;0;6;
node;imprimeur_lithographe;0;21630;21630;und;0;8;
node;imprimeur_lithographe;0;21856;21856;und;0;2;
node;imprimeur_lithographe;0;21857;21857;und;0;2;
node;imprimeur_lithographe;0;21858;21858;und;0;2;
node;imprimeur_lithographe;0;21859;21859;und;0;2;
node;imprimeur_lithographe;0;21860;21860;und;0;2;
node;imprimeur_lithographe;0;21861;21861;und;0;2;
node;imprimeur_lithographe;0;21863;21863;und;0;10;
node;imprimeur_lithographe;0;21865;21865;und;0;11;
node;imprimeur_lithographe;0;21866;21866;und;0;6;
node;imprimeur_lithographe;0;21867;21867;und;0;9;
node;imprimeur_lithographe;0;21868;21868;und;0;10;
node;imprimeur_lithographe;0;21869;21869;und;0;1;
node;imprimeur_lithographe;0;21871;21871;und;0;3;
node;imprimeur_lithographe;0;21873;21873;und;0;19;
node;imprimeur_lithographe;0;21874;21874;und;0;1;
node;imprimeur_lithographe;0;21875;21875;und;0;2;
node;imprimeur_lithographe;0;21876;21876;und;0;1;
node;imprimeur_lithographe;0;21877;21877;und;0;6;
node;imprimeur_lithographe;0;21878;21878;und;0;6;
node;imprimeur_lithographe;0;21879;21879;und;0;4;
node;imprimeur_lithographe;0;21881;21881;und;0;2;
node;imprimeur_lithographe;0;21882;21882;und;0;10;
node;imprimeur_lithographe;0;21883;21883;und;0;1;
node;imprimeur_lithographe;0;21884;21884;und;0;2;
node;imprimeur_lithographe;0;21885;21885;und;0;18;
node;imprimeur_lithographe;0;21886;21886;und;0;2;
node;imprimeur_lithographe;0;21887;21887;und;0;2;
node;imprimeur_lithographe;0;21888;21888;und;0;2;
node;imprimeur_lithographe;0;21889;21889;und;0;3;
node;imprimeur_lithographe;0;21890;21890;und;0;17;
node;imprimeur_lithographe;0;21891;21891;und;0;5;
node;imprimeur_lithographe;0;21892;21892;und;0;3;
node;imprimeur_lithographe;0;21893;21893;und;0;6;
node;imprimeur_lithographe;0;21895;21895;und;0;19;
node;imprimeur_lithographe;0;21896;21896;und;0;4;
node;imprimeur_lithographe;0;21897;21897;und;0;2;
node;imprimeur_lithographe;0;21898;21898;und;0;9;
node;imprimeur_lithographe;0;21899;21899;und;0;3;
node;imprimeur_lithographe;0;21900;21900;und;0;6;
node;imprimeur_lithographe;0;21901;21901;und;0;20;
node;imprimeur_lithographe;0;21902;21902;und;0;2;
node;imprimeur_lithographe;0;21903;21903;und;0;1;
node;imprimeur_lithographe;0;21905;21905;und;0;11;
node;imprimeur_lithographe;0;21906;21906;und;0;3;
node;imprimeur_lithographe;0;21907;21907;und;0;3;
node;imprimeur_lithographe;0;21908;21908;und;0;1;
node;imprimeur_lithographe;0;21909;21909;und;0;11;
node;imprimeur_lithographe;0;21910;21910;und;0;4;
node;imprimeur_lithographe;0;21911;21911;und;0;6;
node;imprimeur_lithographe;0;21912;21912;und;0;7;
node;imprimeur_lithographe;0;21913;21913;und;0;6;
node;imprimeur_lithographe;0;21915;21915;und;0;9;
node;imprimeur_lithographe;0;21916;21916;und;0;1;
node;imprimeur_lithographe;0;21917;21917;und;0;1;
node;imprimeur_lithographe;0;21918;21918;und;0;3;
node;imprimeur_lithographe;0;21920;21920;und;0;1;
node;imprimeur_lithographe;0;21922;21922;und;0;6;
node;imprimeur_lithographe;0;21923;21923;und;0;1;
node;imprimeur_lithographe;0;21924;21924;und;0;2;
node;imprimeur_lithographe;0;21925;21925;und;0;4;
node;imprimeur_lithographe;0;21926;21926;und;0;11;
node;imprimeur_lithographe;0;21927;21927;und;0;3;
node;imprimeur_lithographe;0;21928;21928;und;0;2;
node;imprimeur_lithographe;0;21929;21929;und;0;11;
node;imprimeur_lithographe;0;21930;21930;und;0;1;
node;imprimeur_lithographe;0;21931;21931;und;0;3;
node;imprimeur_lithographe;0;21932;21932;und;0;1;
node;imprimeur_lithographe;0;21933;21933;und;0;3;
node;imprimeur_lithographe;0;21934;21934;und;0;2;
node;imprimeur_lithographe;0;21935;21935;und;0;12;
node;imprimeur_lithographe;0;21936;21936;und;0;1;
node;imprimeur_lithographe;0;21937;21937;und;0;12;
node;imprimeur_lithographe;0;21938;21938;und;0;1;
node;imprimeur_lithographe;0;21939;21939;und;0;2;
node;imprimeur_lithographe;0;21940;21940;und;0;11;
node;imprimeur_lithographe;0;21941;21941;und;0;2;
node;imprimeur_lithographe;0;21942;21942;und;0;14;
node;imprimeur_lithographe;0;21943;21943;und;0;3;
node;imprimeur_lithographe;0;21944;21944;und;0;8;
node;imprimeur_lithographe;0;21945;21945;und;0;9;
node;imprimeur_lithographe;0;21946;21946;und;0;9;
node;imprimeur_lithographe;0;21947;21947;und;0;10;
node;imprimeur_lithographe;0;21948;21948;und;0;3;
node;imprimeur_lithographe;0;21949;21949;und;0;3;
node;imprimeur_lithographe;0;21950;21950;und;0;6;
node;imprimeur_lithographe;0;21951;21951;und;0;2;
node;imprimeur_lithographe;0;21952;21952;und;0;6;
node;imprimeur_lithographe;0;21954;21954;und;0;6;
node;imprimeur_lithographe;0;21958;21958;und;0;20;
node;imprimeur_lithographe;0;21959;21959;und;0;2;
node;imprimeur_lithographe;0;21960;21960;und;0;3;
node;imprimeur_lithographe;0;21961;21961;und;0;3;
node;imprimeur_lithographe;0;21962;21962;und;0;2;
node;imprimeur_lithographe;0;21963;21963;und;0;3;
node;imprimeur_lithographe;0;21964;21964;und;0;3;
node;imprimeur_lithographe;0;21965;21965;und;0;2;
node;imprimeur_lithographe;0;21966;21966;und;0;7;
node;imprimeur_lithographe;0;21967;21967;und;0;1;
node;imprimeur_lithographe;0;21968;21968;und;0;9;
node;imprimeur_lithographe;0;21969;21969;und;0;2;
node;imprimeur_lithographe;0;21970;21970;und;0;3;
node;imprimeur_lithographe;0;21972;21972;und;0;4;
node;imprimeur_lithographe;0;21973;21973;und;0;2;
node;imprimeur_lithographe;0;21974;21974;und;0;14;
node;imprimeur_lithographe;0;21975;21975;und;0;5;
node;imprimeur_lithographe;0;21976;21976;und;0;3;
node;imprimeur_lithographe;0;21977;21977;und;0;6;
node;imprimeur_lithographe;0;21978;21978;und;0;11;
node;imprimeur_lithographe;0;21979;21979;und;0;2;
node;imprimeur_lithographe;0;21980;21980;und;0;2;
node;imprimeur_lithographe;0;21981;21981;und;0;4;
node;imprimeur_lithographe;0;21982;21982;und;0;3;
node;imprimeur_lithographe;0;21983;21983;und;0;3;
node;imprimeur_lithographe;0;21984;21984;und;0;2;
node;imprimeur_lithographe;0;21985;21985;und;0;1;
node;imprimeur_lithographe;0;21986;21986;und;0;9;
node;imprimeur_lithographe;0;21987;21987;und;0;9;
node;imprimeur_lithographe;0;21988;21988;und;0;10;
node;imprimeur_lithographe;0;21989;21989;und;0;3;
node;imprimeur_lithographe;0;21990;21990;und;0;2;
node;imprimeur_lithographe;0;21991;21991;und;0;6;
node;imprimeur_lithographe;0;21992;21992;und;0;4;
node;imprimeur_lithographe;0;21993;21993;und;0;6;
node;imprimeur_lithographe;0;21995;21995;und;0;2;
node;imprimeur_lithographe;0;21996;21996;und;0;2;
node;imprimeur_lithographe;0;21997;21997;und;0;1;
node;imprimeur_lithographe;0;21998;21998;und;0;3;
node;imprimeur_lithographe;0;21999;21999;und;0;4;
node;imprimeur_lithographe;0;22000;22000;und;0;5;
node;imprimeur_lithographe;0;22001;22001;und;0;1;
node;imprimeur_lithographe;0;22002;22002;und;0;1;
node;imprimeur_lithographe;0;22003;22003;und;0;1;
node;imprimeur_lithographe;0;22004;22004;und;0;1;
node;imprimeur_lithographe;0;22005;22005;und;0;1;
node;imprimeur_lithographe;0;22007;22007;und;0;18;
node;imprimeur_lithographe;0;22008;22008;und;0;3;
node;imprimeur_lithographe;0;22009;22009;und;0;1;
node;imprimeur_lithographe;0;22010;22010;und;0;11;
node;imprimeur_lithographe;0;22011;22011;und;0;2;
node;imprimeur_lithographe;0;22012;22012;und;0;10;
node;imprimeur_lithographe;0;22013;22013;und;0;2;
node;imprimeur_lithographe;0;22014;22014;und;0;3;
node;imprimeur_lithographe;0;22015;22015;und;0;1;
node;imprimeur_lithographe;0;22016;22016;und;0;5;
node;imprimeur_lithographe;0;22017;22017;und;0;4;
node;imprimeur_lithographe;0;22018;22018;und;0;3;
node;imprimeur_lithographe;0;22019;22019;und;0;1;
node;imprimeur_lithographe;0;22020;22020;und;0;6;
node;imprimeur_lithographe;0;22021;22021;und;0;4;
node;imprimeur_lithographe;0;22022;22022;und;0;6;
node;imprimeur_lithographe;0;22023;22023;und;0;9;
node;imprimeur_lithographe;0;22024;22024;und;0;14;
node;imprimeur_lithographe;0;22025;22025;und;0;1;
node;imprimeur_lithographe;0;22026;22026;und;0;2;
node;imprimeur_lithographe;0;22027;22027;und;0;6;
node;imprimeur_lithographe;0;22028;22028;und;0;8;
node;imprimeur_lithographe;0;22029;22029;und;0;5;
node;imprimeur_lithographe;0;22030;22030;und;0;1;
node;imprimeur_lithographe;0;22031;22031;und;0;8;
node;imprimeur_lithographe;0;22032;22032;und;0;9;
node;imprimeur_lithographe;0;22033;22033;und;0;9;
node;imprimeur_lithographe;0;22034;22034;und;0;5;
node;imprimeur_lithographe;0;22035;22035;und;0;9;
node;imprimeur_lithographe;0;22036;22036;und;0;4;
node;imprimeur_lithographe;0;22038;22038;und;0;2;
node;imprimeur_lithographe;0;22039;22039;und;0;1;
node;imprimeur_lithographe;0;22040;22040;und;0;7;
node;imprimeur_lithographe;0;22041;22041;und;0;7;
node;imprimeur_lithographe;0;22043;22043;und;0;10;
node;imprimeur_lithographe;0;22044;22044;und;0;2;
node;imprimeur_lithographe;0;22046;22046;und;0;6;
node;imprimeur_lithographe;0;22047;22047;und;0;10;
node;imprimeur_lithographe;0;22048;22048;und;0;4;
node;imprimeur_lithographe;0;22050;22050;und;0;12;
node;imprimeur_lithographe;0;22051;22051;und;0;5;
node;imprimeur_lithographe;0;22052;22052;und;0;2;
node;imprimeur_lithographe;0;22053;22053;und;0;2;
node;imprimeur_lithographe;0;22055;22055;und;0;2;
node;imprimeur_lithographe;0;22056;22056;und;0;5;
node;imprimeur_lithographe;0;22057;22057;und;0;6;
node;imprimeur_lithographe;0;22060;22060;und;0;9;
node;imprimeur_lithographe;0;22061;22061;und;0;5;
node;imprimeur_lithographe;0;22062;22062;und;0;2;
node;imprimeur_lithographe;0;22063;22063;und;0;9;
node;imprimeur_lithographe;0;22064;22064;und;0;2;
node;imprimeur_lithographe;0;22065;22065;und;0;4;
node;imprimeur_lithographe;0;22067;22067;und;0;6;
node;imprimeur_lithographe;0;22068;22068;und;0;8;
node;imprimeur_lithographe;0;22069;22069;und;0;4;
node;imprimeur_lithographe;0;22071;22071;und;0;1;
node;imprimeur_lithographe;0;22072;22072;und;0;2;
node;imprimeur_lithographe;0;22073;22073;und;0;6;
node;imprimeur_lithographe;0;22074;22074;und;0;4;
node;imprimeur_lithographe;0;22076;22076;und;0;6;
node;imprimeur_lithographe;0;22077;22077;und;0;1;
node;imprimeur_lithographe;0;22079;22079;und;0;3;
node;imprimeur_lithographe;0;22080;22080;und;0;2;
node;imprimeur_lithographe;0;22081;22081;und;0;14;
node;imprimeur_lithographe;0;22082;22082;und;0;4;
node;imprimeur_lithographe;0;22084;22084;und;0;5;
node;imprimeur_lithographe;0;22085;22085;und;0;2;
node;imprimeur_lithographe;0;22086;22086;und;0;2;
node;imprimeur_lithographe;0;22087;22087;und;0;1;
node;imprimeur_lithographe;0;22088;22088;und;0;1;
node;imprimeur_lithographe;0;22089;22089;und;0;11;
node;imprimeur_lithographe;0;22090;22090;und;0;4;
node;imprimeur_lithographe;0;22092;22092;und;0;1;
node;imprimeur_lithographe;0;22093;22093;und;0;1;
node;imprimeur_lithographe;0;22094;22094;und;0;3;
node;imprimeur_lithographe;0;22095;22095;und;0;1;
node;imprimeur_lithographe;0;22096;22096;und;0;10;
node;imprimeur_lithographe;0;22097;22097;und;0;2;
node;imprimeur_lithographe;0;22099;22099;und;0;12;
node;imprimeur_lithographe;0;22100;22100;und;0;10;
node;imprimeur_lithographe;0;22102;22102;und;0;2;
node;imprimeur_lithographe;0;22103;22103;und;0;3;
node;imprimeur_lithographe;0;22104;22104;und;0;1;
node;imprimeur_lithographe;0;22106;22106;und;0;4;
node;imprimeur_lithographe;0;22107;22107;und;0;8;
node;imprimeur_lithographe;0;22108;22108;und;0;6;
node;imprimeur_lithographe;0;22109;22109;und;0;6;
node;imprimeur_lithographe;0;22110;22110;und;0;18;
node;imprimeur_lithographe;0;22111;22111;und;0;10;
node;imprimeur_lithographe;0;22112;22112;und;0;6;
node;imprimeur_lithographe;0;22113;22113;und;0;1;
node;imprimeur_lithographe;0;22114;22114;und;0;6;
node;imprimeur_lithographe;0;22115;22115;und;0;2;
node;imprimeur_lithographe;0;22116;22116;und;0;6;
node;imprimeur_lithographe;0;22117;22117;und;0;9;
node;imprimeur_lithographe;0;22118;22118;und;0;18;
node;imprimeur_lithographe;0;22120;22120;und;0;5;
node;imprimeur_lithographe;0;22121;22121;und;0;1;
node;imprimeur_lithographe;0;22122;22122;und;0;18;
node;imprimeur_lithographe;0;22123;22123;und;0;10;
node;imprimeur_lithographe;0;22124;22124;und;0;9;
node;imprimeur_lithographe;0;22125;22125;und;0;12;
node;imprimeur_lithographe;0;22126;22126;und;0;3;
node;imprimeur_lithographe;0;22129;22129;und;0;1;
node;imprimeur_lithographe;0;22131;22131;und;0;2;
node;imprimeur_lithographe;0;22132;22132;und;0;12;
node;imprimeur_lithographe;0;22134;22134;und;0;1;
node;imprimeur_lithographe;0;22136;22136;und;0;3;
node;imprimeur_lithographe;0;22137;22137;und;0;1;
node;imprimeur_lithographe;0;22138;22138;und;0;12;
node;imprimeur_lithographe;0;22139;22139;und;0;11;
node;imprimeur_lithographe;0;22140;22140;und;0;9;
node;imprimeur_lithographe;0;22141;22141;und;0;2;
node;imprimeur_lithographe;0;22142;22142;und;0;2;
node;imprimeur_lithographe;0;22143;22143;und;0;1;
node;imprimeur_lithographe;0;22144;22144;und;0;6;
node;imprimeur_lithographe;0;22145;22145;und;0;7;
node;imprimeur_lithographe;0;22146;22146;und;0;6;
node;imprimeur_lithographe;0;22148;22148;und;0;11;
node;imprimeur_lithographe;0;22151;22151;und;0;2;
node;imprimeur_lithographe;0;22152;22152;und;0;1;
node;imprimeur_lithographe;0;22153;22153;und;0;2;
node;imprimeur_lithographe;0;22154;22154;und;0;3;
node;imprimeur_lithographe;0;22155;22155;und;0;6;
node;imprimeur_lithographe;0;22156;22156;und;0;2;
node;imprimeur_lithographe;0;22158;22158;und;0;3;
node;imprimeur_lithographe;0;22160;22160;und;0;10;
node;imprimeur_lithographe;0;22162;22162;und;0;10;
node;imprimeur_lithographe;0;22163;22163;und;0;18;
node;imprimeur_lithographe;0;22169;22169;und;0;5;
node;imprimeur_lithographe;0;22170;22170;und;0;8;
node;imprimeur_lithographe;0;22171;22171;und;0;5;
node;imprimeur_lithographe;0;22172;22172;und;0;1;
node;imprimeur_lithographe;0;22173;22173;und;0;2;
node;imprimeur_lithographe;0;22174;22174;und;0;2;
node;imprimeur_lithographe;0;22175;22175;und;0;1;
node;imprimeur_lithographe;0;22180;22180;und;0;4;
node;imprimeur_lithographe;0;22183;22183;und;0;5;
node;imprimeur_lithographe;0;22184;22184;und;0;7;
node;imprimeur_lithographe;0;22185;22185;und;0;7;
node;imprimeur_lithographe;0;22186;22186;und;0;3;
node;imprimeur_lithographe;0;22187;22187;und;0;2;
node;imprimeur_lithographe;0;22189;22189;und;0;2;
node;imprimeur_lithographe;0;22195;22195;und;0;2;
node;imprimeur_lithographe;0;22198;22198;und;0;5;
node;imprimeur_lithographe;0;22200;22200;und;0;3;
node;imprimeur_lithographe;0;22201;22201;und;0;1;
node;imprimeur_lithographe;0;22203;22203;und;0;9;
node;imprimeur_lithographe;0;22208;22208;und;0;2;
node;imprimeur_lithographe;0;22210;22210;und;0;1;
node;imprimeur_lithographe;0;22211;22211;und;0;2;
node;imprimeur_lithographe;0;22212;22212;und;0;1;
node;imprimeur_lithographe;0;22213;22213;und;0;7;
node;imprimeur_lithographe;0;22215;22215;und;0;1;
node;imprimeur_lithographe;0;22216;22216;und;0;10;
node;imprimeur_lithographe;0;22218;22218;und;0;2;
node;imprimeur_lithographe;0;22219;22219;und;0;1;
node;imprimeur_lithographe;0;22220;22220;und;0;3;
node;imprimeur_lithographe;0;22221;22221;und;0;5;
node;imprimeur_lithographe;0;22222;22222;und;0;14;
node;imprimeur_lithographe;0;22227;22227;und;0;4;
node;imprimeur_lithographe;0;22228;22228;und;0;14;
node;imprimeur_lithographe;0;22229;22229;und;0;3;
node;imprimeur_lithographe;0;22230;22230;und;0;4;
node;imprimeur_lithographe;0;22231;22231;und;0;10;
node;imprimeur_lithographe;0;22234;22234;und;0;6;
node;imprimeur_lithographe;0;22235;22235;und;0;4;
node;imprimeur_lithographe;0;22239;22239;und;0;19;
node;imprimeur_lithographe;0;22241;22241;und;0;2;
node;imprimeur_lithographe;0;22242;22242;und;0;5;
node;imprimeur_lithographe;0;22243;22243;und;0;4;
node;imprimeur_lithographe;0;22245;22245;und;0;1;
node;imprimeur_lithographe;0;22246;22246;und;0;3;
node;imprimeur_lithographe;0;22249;22249;und;0;9;
node;imprimeur_lithographe;0;22251;22251;und;0;1;
node;imprimeur_lithographe;0;22257;22257;und;0;10;
node;imprimeur_lithographe;0;22259;22259;und;0;3;
node;imprimeur_lithographe;0;22262;22262;und;0;7;
node;imprimeur_lithographe;0;22263;22263;und;0;6;
node;imprimeur_lithographe;0;22264;22264;und;0;14;
node;imprimeur_lithographe;0;22265;22265;und;0;9;
node;imprimeur_lithographe;0;22266;22266;und;0;6;
node;imprimeur_lithographe;0;22270;22270;und;0;9;
node;imprimeur_lithographe;0;22272;22272;und;0;5;
node;imprimeur_lithographe;0;22273;22273;und;0;10;
node;imprimeur_lithographe;0;22274;22274;und;0;5;
node;imprimeur_lithographe;0;22276;22276;und;0;3;
node;imprimeur_lithographe;0;22283;22283;und;0;3;
node;imprimeur_lithographe;0;22285;22285;und;0;5;
node;imprimeur_lithographe;0;22287;22287;und;0;1;
node;imprimeur_lithographe;0;22292;22292;und;0;4;
node;imprimeur_lithographe;0;22294;22294;und;0;9;
node;imprimeur_lithographe;0;22297;22297;und;0;4;
node;imprimeur_lithographe;0;22298;22298;und;0;9;
node;imprimeur_lithographe;0;22302;22302;und;0;8;
node;imprimeur_lithographe;0;22304;22304;und;0;17;
node;imprimeur_lithographe;0;22307;22307;und;0;3;
node;imprimeur_lithographe;0;22312;22312;und;0;18;
node;imprimeur_lithographe;0;22314;22314;und;0;6;
node;imprimeur_lithographe;0;22316;22316;und;0;1;
node;imprimeur_lithographe;0;22319;22319;und;0;7;
node;imprimeur_lithographe;0;22321;22321;und;0;14;
node;imprimeur_lithographe;0;22322;22322;und;0;10;
node;imprimeur_lithographe;0;22324;22324;und;0;3;
node;imprimeur_lithographe;0;22330;22330;und;0;5;
node;imprimeur_lithographe;0;22331;22331;und;0;3;
node;imprimeur_lithographe;0;22334;22334;und;0;10;
node;imprimeur_lithographe;0;22336;22336;und;0;14;
node;imprimeur_lithographe;0;22337;22337;und;0;1;
node;imprimeur_lithographe;0;22340;22340;und;0;5;
node;imprimeur_lithographe;0;22348;22348;und;0;10;
node;imprimeur_lithographe;0;22354;22354;und;0;2;
node;imprimeur_lithographe;0;22355;22355;und;0;2;
node;imprimeur_lithographe;0;22366;22366;und;0;5;
node;imprimeur_lithographe;0;22368;22368;und;0;5;
node;imprimeur_lithographe;0;22370;22370;und;0;6;
node;imprimeur_lithographe;0;22371;22371;und;0;2;
node;imprimeur_lithographe;0;22376;22376;und;0;5;
node;imprimeur_lithographe;0;22377;22377;und;0;5;
node;imprimeur_lithographe;0;22382;22382;und;0;1;
node;imprimeur_lithographe;0;22384;22384;und;0;10;
node;imprimeur_lithographe;0;22388;22388;und;0;9;
node;imprimeur_lithographe;0;22389;22389;und;0;6;
node;imprimeur_lithographe;0;22390;22390;und;0;3;
node;imprimeur_lithographe;0;22391;22391;und;0;2;
node;imprimeur_lithographe;0;22399;22399;und;0;5;
node;imprimeur_lithographe;0;22400;22400;und;0;2;
node;imprimeur_lithographe;0;22403;22403;und;0;2;
node;imprimeur_lithographe;0;22404;22404;und;0;6;
node;imprimeur_lithographe;0;22406;22406;und;0;2;
node;imprimeur_lithographe;0;22407;22407;und;0;5;
node;imprimeur_lithographe;0;22408;22408;und;0;2;
node;imprimeur_lithographe;0;22409;22409;und;0;6;
node;imprimeur_lithographe;0;22411;22411;und;0;13;
node;imprimeur_lithographe;0;22412;22412;und;0;6;
node;imprimeur_lithographe;0;22413;22413;und;0;3;
node;imprimeur_lithographe;0;22414;22414;und;0;6;
node;imprimeur_lithographe;0;22415;22415;und;0;6;
node;imprimeur_lithographe;0;22417;22417;und;0;1;
node;imprimeur_lithographe;0;22418;22418;und;0;2;
node;imprimeur_lithographe;0;22419;22419;und;0;2;
node;imprimeur_lithographe;0;22420;22420;und;0;5;
node;imprimeur_lithographe;0;22421;22421;und;0;1;
node;imprimeur_lithographe;0;22422;22422;und;0;2;
node;imprimeur_lithographe;0;22424;22424;und;0; ;
node;imprimeur_lithographe;0;22425;22425;und;0;2;
node;imprimeur_lithographe;0;22426;22426;und;0;3;
node;imprimeur_lithographe;0;22427;22427;und;0;1;
node;imprimeur_lithographe;0;22428;22428;und;0;7;
node;imprimeur_lithographe;0;22429;22429;und;0;1;
node;imprimeur_lithographe;0;22430;22430;und;0;6;
node;imprimeur_lithographe;0;22432;22432;und;0;4;
node;imprimeur_lithographe;0;22433;22433;und;0;6;
node;imprimeur_lithographe;0;22434;22434;und;0;12;
node;imprimeur_lithographe;0;22435;22435;und;0;1;
node;imprimeur_lithographe;0;22436;22436;und;0;1;
node;imprimeur_lithographe;0;22437;22437;und;0;12;
node;imprimeur_lithographe;0;22438;22438;und;0;5;
node;imprimeur_lithographe;0;22439;22439;und;0;2;
node;imprimeur_lithographe;0;22440;22440;und;0;5;
node;imprimeur_lithographe;0;22442;22442;und;0;3;
node;imprimeur_lithographe;0;22443;22443;und;0;5;
node;imprimeur_lithographe;0;22444;22444;und;0;3;
node;imprimeur_lithographe;0;22445;22445;und;0;5;
node;imprimeur_lithographe;0;22446;22446;und;0;5;
node;imprimeur_lithographe;0;22447;22447;und;0;4;
node;imprimeur_lithographe;0;22448;22448;und;0;10;
node;imprimeur_lithographe;0;22452;22452;und;0;11;
node;imprimeur_lithographe;0;22453;22453;und;0;6;
node;imprimeur_lithographe;0;22455;22455;und;0;8;
node;imprimeur_lithographe;0;22457;22457;und;0;5;
node;imprimeur_lithographe;0;22458;22458;und;0;3;
node;imprimeur_lithographe;0;22459;22459;und;0;5;
node;imprimeur_lithographe;0;22460;22460;und;0;3;
node;imprimeur_lithographe;0;22464;22464;und;0;3;
node;imprimeur_lithographe;0;22465;22465;und;0;2;
node;imprimeur_lithographe;0;22466;22466;und;0;2;
node;imprimeur_lithographe;0;22467;22467;und;0;4;
node;imprimeur_lithographe;0;22468;22468;und;0;2;
node;imprimeur_lithographe;0;22469;22469;und;0;1;
node;imprimeur_lithographe;0;22471;22471;und;0;4;
node;imprimeur_lithographe;0;22472;22472;und;0;5;
node;imprimeur_lithographe;0;22474;22474;und;0;1;
node;imprimeur_lithographe;0;22477;22477;und;0;2;
node;imprimeur_lithographe;0;22480;22480;und;0;2;
node;imprimeur_lithographe;0;22481;22481;und;0;8;
node;imprimeur_lithographe;0;22483;22483;und;0;1;
node;imprimeur_lithographe;0;22485;22485;und;0;6;
node;imprimeur_lithographe;0;22487;22487;und;0;16;
node;imprimeur_lithographe;0;22488;22488;und;0;6;
node;imprimeur_lithographe;0;22491;22491;und;0;4;
node;imprimeur_lithographe;0;22492;22492;und;0;1;
node;imprimeur_lithographe;0;22493;22493;und;0;1;
node;imprimeur_lithographe;0;22494;22494;und;0;1;
node;imprimeur_lithographe;0;22495;22495;und;0;16;
node;imprimeur_lithographe;0;22498;22498;und;0;5;
node;imprimeur_lithographe;0;22499;22499;und;0;6;
node;imprimeur_lithographe;0;22501;22501;und;0;2;
node;imprimeur_lithographe;0;22503;22503;und;0;6;
node;imprimeur_lithographe;0;22504;22504;und;0;19;
node;imprimeur_lithographe;0;22505;22505;und;0;1;
node;imprimeur_lithographe;0;22506;22506;und;0;9;
node;imprimeur_lithographe;0;22507;22507;und;0;7;
node;imprimeur_lithographe;0;22508;22508;und;0;6;
node;imprimeur_lithographe;0;22509;22509;und;0;2;
node;imprimeur_lithographe;0;22510;22510;und;0;2;
node;imprimeur_lithographe;0;22511;22511;und;0;4;
node;imprimeur_lithographe;0;22512;22512;und;0;9;
node;imprimeur_lithographe;0;22513;22513;und;0;10;
node;imprimeur_lithographe;0;22514;22514;und;0;5;
node;imprimeur_lithographe;0;22515;22515;und;0;4;
node;imprimeur_lithographe;0;22516;22516;und;0;6;
node;imprimeur_lithographe;0;22517;22517;und;0;6;
node;imprimeur_lithographe;0;22520;22520;und;0;2;
node;imprimeur_lithographe;0;22521;22521;und;0;5;
node;imprimeur_lithographe;0;22522;22522;und;0;9;
node;imprimeur_lithographe;0;22523;22523;und;0;2;
node;imprimeur_lithographe;0;22524;22524;und;0;11;
node;imprimeur_lithographe;0;22525;22525;und;0;1;
node;imprimeur_lithographe;0;22527;22527;und;0;3;
node;imprimeur_lithographe;0;22529;22529;und;0;17;
node;imprimeur_lithographe;0;22530;22530;und;0;5;
node;imprimeur_lithographe;0;22531;22531;und;0;3;
node;imprimeur_lithographe;0;22532;22532;und;0;11;
node;imprimeur_lithographe;0;22533;22533;und;0;3;
node;imprimeur_lithographe;0;22534;22534;und;0;11;
node;imprimeur_lithographe;0;22535;22535;und;0;11;
node;imprimeur_lithographe;0;22536;22536;und;0;4;
node;imprimeur_lithographe;0;22537;22537;und;0;5;
node;imprimeur_lithographe;0;22538;22538;und;0;1;
node;imprimeur_lithographe;0;22539;22539;und;0;1;
node;imprimeur_lithographe;0;22541;22541;und;0;10;
node;imprimeur_lithographe;0;22542;22542;und;0;5;
node;imprimeur_lithographe;0;22543;22543;und;0;1;
node;imprimeur_lithographe;0;22544;22544;und;0;20;
node;imprimeur_lithographe;0;22545;22545;und;0;2;
node;imprimeur_lithographe;0;22546;22546;und;0;1;
node;imprimeur_lithographe;0;22548;22548;und;0;8;
node;imprimeur_lithographe;0;22552;22552;und;0;6;
node;imprimeur_lithographe;0;22553;22553;und;0;3;
node;imprimeur_lithographe;0;22555;22555;und;0;2;
node;imprimeur_lithographe;0;22557;22557;und;0;5;
node;imprimeur_lithographe;0;22558;22558;und;0;2;
node;imprimeur_lithographe;0;22559;22559;und;0;6;
node;imprimeur_lithographe;0;22561;22561;und;0;1;
node;imprimeur_lithographe;0;22562;22562;und;0;4;
node;imprimeur_lithographe;0;22568;22568;und;0;3;
node;imprimeur_lithographe;0;22569;22569;und;0;3;
node;imprimeur_lithographe;0;22571;22571;und;0;5;
node;imprimeur_lithographe;0;22572;22572;und;0;11;
node;imprimeur_lithographe;0;22573;22573;und;0;4;
node;imprimeur_lithographe;0;22576;22576;und;0;3;
node;imprimeur_lithographe;0;22577;22577;und;0;9;
node;imprimeur_lithographe;0;22580;22580;und;0;2;
node;imprimeur_lithographe;0;22583;22583;und;0;10;
node;imprimeur_lithographe;0;22586;22586;und;0;3;
node;imprimeur_lithographe;0;22587;22587;und;0;6;
node;imprimeur_lithographe;0;22589;22589;und;0;2;
node;imprimeur_lithographe;0;22590;22590;und;0;2;
node;imprimeur_lithographe;0;22591;22591;und;0;10;
node;imprimeur_lithographe;0;22592;22592;und;0;2;
node;imprimeur_lithographe;0;22594;22594;und;0;2;
node;imprimeur_lithographe;0;22597;22597;und;0;4;
node;imprimeur_lithographe;0;22598;22598;und;0;5;
node;imprimeur_lithographe;0;22599;22599;und;0;2;
node;imprimeur_lithographe;0;22600;22600;und;0;5;
node;imprimeur_lithographe;0;22602;22602;und;0;10;
node;imprimeur_lithographe;0;22604;22604;und;0;8;
node;imprimeur_lithographe;0;22605;22605;und;0;3;
node;imprimeur_lithographe;0;22606;22606;und;0;15;
node;imprimeur_lithographe;0;22607;22607;und;0;9;
node;imprimeur_lithographe;0;22608;22608;und;0;6;
node;imprimeur_lithographe;0;22609;22609;und;0;9;
node;imprimeur_lithographe;0;22610;22610;und;0;10;
node;imprimeur_lithographe;0;22611;22611;und;0;5;
node;imprimeur_lithographe;0;22612;22612;und;0;4;
node;imprimeur_lithographe;0;22613;22613;und;0;6;
node;imprimeur_lithographe;0;22615;22615;und;0;3;
node;imprimeur_lithographe;0;22617;22617;und;0;3;
node;imprimeur_lithographe;0;22620;22620;und;0;4;
node;imprimeur_lithographe;0;22622;22622;und;0;5;
node;imprimeur_lithographe;0;22623;22623;und;0;3;
node;imprimeur_lithographe;0;22624;22624;und;0;11;
node;imprimeur_lithographe;0;22625;22625;und;0;6;
node;imprimeur_lithographe;0;22627;22627;und;0;3;
node;imprimeur_lithographe;0;22628;22628;und;0;3;
node;imprimeur_lithographe;0;22629;22629;und;0;4;
node;imprimeur_lithographe;0;22630;22630;und;0;15;
node;imprimeur_lithographe;0;22632;22632;und;0;2;
node;imprimeur_lithographe;0;22633;22633;und;0;2;
node;imprimeur_lithographe;0;22636;22636;und;0;6;
node;imprimeur_lithographe;0;22637;22637;und;0;3;
node;imprimeur_lithographe;0;22638;22638;und;0;2;
node;imprimeur_lithographe;0;22639;22639;und;0;4;
node;imprimeur_lithographe;0;22640;22640;und;0;2;
node;imprimeur_lithographe;0;22642;22642;und;0;10;
node;imprimeur_lithographe;0;22643;22643;und;0;2;
node;imprimeur_lithographe;0;22644;22644;und;0;3;
node;imprimeur_lithographe;0;22645;22645;und;0;6;
node;imprimeur_lithographe;0;22646;22646;und;0;17;
node;imprimeur_lithographe;0;22647;22647;und;0;1;
node;imprimeur_lithographe;0;22648;22648;und;0;8;
node;imprimeur_lithographe;0;22649;22649;und;0;1;
node;imprimeur_lithographe;0;22650;22650;und;0;2;
node;imprimeur_lithographe;0;22651;22651;und;0;1;
node;imprimeur_lithographe;0;22652;22652;und;0;2;
node;imprimeur_lithographe;0;22653;22653;und;0;12;
node;imprimeur_lithographe;0;22655;22655;und;0;7;
node;imprimeur_lithographe;0;22656;22656;und;0;3;
node;imprimeur_lithographe;0;22657;22657;und;0;9;
node;imprimeur_lithographe;0;22658;22658;und;0;1;
node;imprimeur_lithographe;0;22659;22659;und;0;3;
node;imprimeur_lithographe;0;22660;22660;und;0;4;
node;imprimeur_lithographe;0;22662;22662;und;0;2;
node;imprimeur_lithographe;0;22664;22664;und;0;9;
node;imprimeur_lithographe;0;22665;22665;und;0;12;
node;imprimeur_lithographe;0;22667;22667;und;0;10;
node;imprimeur_lithographe;0;22669;22669;und;0;5;
node;imprimeur_lithographe;0;22670;22670;und;0;19;
node;imprimeur_lithographe;0;22671;22671;und;0;3;
node;imprimeur_lithographe;0;22672;22672;und;0;2;
node;imprimeur_lithographe;0;22673;22673;und;0;1;
node;imprimeur_lithographe;0;22674;22674;und;0;12;
node;imprimeur_lithographe;0;22676;22676;und;0;1;
node;imprimeur_lithographe;0;22678;22678;und;0;4;
node;imprimeur_lithographe;0;22681;22681;und;0;4;
node;imprimeur_lithographe;0;22682;22682;und;0;1;
node;imprimeur_lithographe;0;22684;22684;und;0;5;
node;imprimeur_lithographe;0;22685;22685;und;0;6;
node;imprimeur_lithographe;0;22686;22686;und;0;5;
node;imprimeur_lithographe;0;22687;22687;und;0;2;
node;imprimeur_lithographe;0;22688;22688;und;0;3;
node;imprimeur_lithographe;0;22689;22689;und;0;18;
node;imprimeur_lithographe;0;22690;22690;und;0;5;
node;imprimeur_lithographe;0;22692;22692;und;0;2;
node;imprimeur_lithographe;0;22694;22694;und;0;4;
node;imprimeur_lithographe;0;22695;22695;und;0;5;
node;imprimeur_lithographe;0;22696;22696;und;0;6;
node;imprimeur_lithographe;0;22697;22697;und;0;10;
node;imprimeur_lithographe;0;22698;22698;und;0;2;
node;imprimeur_lithographe;0;22700;22700;und;0;3;
node;imprimeur_lithographe;0;22701;22701;und;0;1;
node;imprimeur_lithographe;0;22702;22702;und;0;2;
node;imprimeur_lithographe;0;22704;22704;und;0;5;
node;imprimeur_lithographe;0;22705;22705;und;0;5;
node;imprimeur_lithographe;0;22706;22706;und;0;2;
node;imprimeur_lithographe;0;22707;22707;und;0;2;
node;imprimeur_lithographe;0;22708;22708;und;0;3;
node;imprimeur_lithographe;0;22709;22709;und;0;10;
node;imprimeur_lithographe;0;22710;22710;und;0;4;
node;imprimeur_lithographe;0;22714;22714;und;0;2;
node;imprimeur_lithographe;0;22718;22718;und;0;8;
node;imprimeur_lithographe;0;22721;22721;und;0;5;
node;imprimeur_lithographe;0;22722;22722;und;0;1;
node;imprimeur_lithographe;0;22723;22723;und;0;7;
node;imprimeur_lithographe;0;22724;22724;und;0;16;
node;imprimeur_lithographe;0;22725;22725;und;0;11;
node;imprimeur_lithographe;0;22726;22726;und;0;4;
node;imprimeur_lithographe;0;22729;22729;und;0;4;
node;imprimeur_lithographe;0;22730;22730;und;0;7;
node;imprimeur_lithographe;0;22732;22732;und;0;10;
node;imprimeur_lithographe;0;22733;22733;und;0;6;
node;imprimeur_lithographe;0;22734;22734;und;0;3;
node;imprimeur_lithographe;0;22735;22735;und;0;2;
node;imprimeur_lithographe;0;22738;22738;und;0;4;
node;imprimeur_lithographe;0;22739;22739;und;0;4;
node;imprimeur_lithographe;0;22740;22740;und;0;1;
node;imprimeur_lithographe;0;22741;22741;und;0;10;
node;imprimeur_lithographe;0;22742;22742;und;0;6;
node;imprimeur_lithographe;0;22743;22743;und;0;5;
node;imprimeur_lithographe;0;22744;22744;und;0;5;
node;imprimeur_lithographe;0;22746;22746;und;0;3;
node;imprimeur_lithographe;0;22747;22747;und;0;4;
node;imprimeur_lithographe;0;22748;22748;und;0;2;
node;imprimeur_lithographe;0;22749;22749;und;0;6;
node;imprimeur_lithographe;0;22750;22750;und;0;10;
node;imprimeur_lithographe;0;22751;22751;und;0;8;
node;imprimeur_lithographe;0;22753;22753;und;0;1;
node;imprimeur_lithographe;0;22754;22754;und;0;9;
node;imprimeur_lithographe;0;22755;22755;und;0;9;
node;imprimeur_lithographe;0;22756;22756;und;0;18;
node;imprimeur_lithographe;0;22757;22757;und;0;2;
node;imprimeur_lithographe;0;22759;22759;und;0;14;
node;imprimeur_lithographe;0;22760;22760;und;0;7;
node;imprimeur_lithographe;0;22762;22762;und;0;9;
node;imprimeur_lithographe;0;22763;22763;und;0;5;
node;imprimeur_lithographe;0;22764;22764;und;0;10;
node;imprimeur_lithographe;0;22765;22765;und;0;5;
node;imprimeur_lithographe;0;22766;22766;und;0;3;
node;imprimeur_lithographe;0;22767;22767;und;0;5;
node;imprimeur_lithographe;0;22768;22768;und;0;2;
node;imprimeur_lithographe;0;22770;22770;und;0;1;
node;imprimeur_lithographe;0;22771;22771;und;0;10;
node;imprimeur_lithographe;0;22772;22772;und;0;10;
node;imprimeur_lithographe;0;22773;22773;und;0;4;
node;imprimeur_lithographe;0;22775;22775;und;0;10;
node;imprimeur_lithographe;0;22776;22776;und;0;4;
node;imprimeur_lithographe;0;22777;22777;und;0;1;
node;imprimeur_lithographe;0;22778;22778;und;0;2;
node;imprimeur_lithographe;0;22779;22779;und;0;5;
node;imprimeur_lithographe;0;22780;22780;und;0;5;
node;imprimeur_lithographe;0;22781;22781;und;0;2;
node;imprimeur_lithographe;0;22782;22782;und;0;9;
node;imprimeur_lithographe;0;22783;22783;und;0;1;
node;imprimeur_lithographe;0;22784;22784;und;0;2;
node;imprimeur_lithographe;0;22785;22785;und;0;2;
node;imprimeur_lithographe;0;22786;22786;und;0;2;
node;imprimeur_lithographe;0;22787;22787;und;0;17;
node;imprimeur_lithographe;0;22788;22788;und;0;4;
node;imprimeur_lithographe;0;22790;22790;und;0;1;
node;imprimeur_lithographe;0;22791;22791;und;0;6;
node;imprimeur_lithographe;0;22792;22792;und;0;3;
node;imprimeur_lithographe;0;22793;22793;und;0;3;
node;imprimeur_lithographe;0;22794;22794;und;0;2;
node;imprimeur_lithographe;0;22795;22795;und;0;1;
node;imprimeur_lithographe;0;22796;22796;und;0;6;
node;imprimeur_lithographe;0;22798;22798;und;0;3;
node;imprimeur_lithographe;0;22799;22799;und;0;3;
node;imprimeur_lithographe;0;22800;22800;und;0;2;
node;imprimeur_lithographe;0;22801;22801;und;0;3;
node;imprimeur_lithographe;0;22803;22803;und;0;2;
node;imprimeur_lithographe;0;22804;22804;und;0;4;
node;imprimeur_lithographe;0;22805;22805;und;0;18;
node;imprimeur_lithographe;0;22806;22806;und;0;2;
node;imprimeur_lithographe;0;22807;22807;und;0;3;
node;imprimeur_lithographe;0;22808;22808;und;0;3;
node;imprimeur_lithographe;0;22809;22809;und;0;3;
node;imprimeur_lithographe;0;22810;22810;und;0;8;
node;imprimeur_lithographe;0;22811;22811;und;0;4;
node;imprimeur_lithographe;0;22812;22812;und;0;6;
node;imprimeur_lithographe;0;22813;22813;und;0;2;
node;imprimeur_lithographe;0;22814;22814;und;0;9;
node;imprimeur_lithographe;0;22816;22816;und;0;2;
node;imprimeur_lithographe;0;22817;22817;und;0;7;
node;imprimeur_lithographe;0;22818;22818;und;0;2;
node;imprimeur_lithographe;0;22819;22819;und;0;2;
node;imprimeur_lithographe;0;22820;22820;und;0;1;
node;imprimeur_lithographe;0;22821;22821;und;0;9;
node;imprimeur_lithographe;0;22823;22823;und;0;9;
node;imprimeur_lithographe;0;22824;22824;und;0;2;
node;imprimeur_lithographe;0;22825;22825;und;0;2;
node;imprimeur_lithographe;0;22827;22827;und;0;2;
node;imprimeur_lithographe;0;22828;22828;und;0;5;
node;imprimeur_lithographe;0;22829;22829;und;0;5;
node;imprimeur_lithographe;0;22830;22830;und;0;3;
node;imprimeur_lithographe;0;22832;22832;und;0;5;
node;imprimeur_lithographe;0;22833;22833;und;0;3;
node;imprimeur_lithographe;0;22834;22834;und;0;1;
node;imprimeur_lithographe;0;22835;22835;und;0;9;
node;imprimeur_lithographe;0;22837;22837;und;0;2;
node;imprimeur_lithographe;0;22838;22838;und;0;2;
node;imprimeur_lithographe;0;22839;22839;und;0;6;
node;imprimeur_lithographe;0;22841;22841;und;0;6;
node;imprimeur_lithographe;0;22845;22845;und;0;10;
node;imprimeur_lithographe;0;22846;22846;und;0;10;
node;imprimeur_lithographe;0;22847;22847;und;0;2;
node;imprimeur_lithographe;0;22848;22848;und;0;2;
node;imprimeur_lithographe;0;22850;22850;und;0;9;
node;imprimeur_lithographe;0;22851;22851;und;0;10;
node;imprimeur_lithographe;0;22853;22853;und;0;2;
node;imprimeur_lithographe;0;22855;22855;und;0;4;
node;imprimeur_lithographe;0;22856;22856;und;0;1;
node;imprimeur_lithographe;0;22857;22857;und;0;14;
node;imprimeur_lithographe;0;22858;22858;und;0;2;
node;imprimeur_lithographe;0;22859;22859;und;0;2;
node;imprimeur_lithographe;0;22860;22860;und;0;1;
node;imprimeur_lithographe;0;22861;22861;und;0;7;
node;imprimeur_lithographe;0;22862;22862;und;0;1;
node;imprimeur_lithographe;0;22863;22863;und;0;16;
node;imprimeur_lithographe;0;22864;22864;und;0;16;
node;imprimeur_lithographe;0;22865;22865;und;0;5;
node;imprimeur_lithographe;0;22866;22866;und;0;6;
node;imprimeur_lithographe;0;22867;22867;und;0;4;
node;imprimeur_lithographe;0;22868;22868;und;0;2;
node;imprimeur_lithographe;0;22871;22871;und;0;11;
node;imprimeur_lithographe;0;22872;22872;und;0;5;
node;imprimeur_lithographe;0;22873;22873;und;0;2;
node;imprimeur_lithographe;0;22874;22874;und;0;1;
node;imprimeur_lithographe;0;22875;22875;und;0;6;
node;imprimeur_lithographe;0;22876;22876;und;0;6;
node;imprimeur_lithographe;0;22877;22877;und;0;3;
node;imprimeur_lithographe;0;22879;22879;und;0;2;
node;imprimeur_lithographe;0;22880;22880;und;0;6;
node;imprimeur_lithographe;0;22881;22881;und;0;3;
node;imprimeur_lithographe;0;22882;22882;und;0;1;
node;imprimeur_lithographe;0;22883;22883;und;0;2;
node;imprimeur_lithographe;0;22884;22884;und;0;2;
node;imprimeur_lithographe;0;22885;22885;und;0;1;
node;imprimeur_lithographe;0;22889;22889;und;0;1;
node;imprimeur_lithographe;0;22890;22890;und;0;6;
node;imprimeur_lithographe;0;22891;22891;und;0;6;
node;imprimeur_lithographe;0;22892;22892;und;0;2;
node;imprimeur_lithographe;0;22894;22894;und;0;2;
node;imprimeur_lithographe;0;22895;22895;und;0;2;
node;imprimeur_lithographe;0;22896;22896;und;0;17;
node;imprimeur_lithographe;0;22897;22897;und;0;14;
node;imprimeur_lithographe;0;22898;22898;und;0;3;
node;imprimeur_lithographe;0;22899;22899;und;0;4;
node;imprimeur_lithographe;0;22900;22900;und;0;4;
node;imprimeur_lithographe;0;22902;22902;und;0;11;
node;imprimeur_lithographe;0;22903;22903;und;0;5;
node;imprimeur_lithographe;0;22905;22905;und;0;2;
node;imprimeur_lithographe;0;22906;22906;und;0;1;
node;imprimeur_lithographe;0;22908;22908;und;0;2;
node;imprimeur_lithographe;0;22909;22909;und;0;6;
node;imprimeur_lithographe;0;22910;22910;und;0;1;
node;imprimeur_lithographe;0;22911;22911;und;0;2;
node;imprimeur_lithographe;0;22912;22912;und;0;9;
node;imprimeur_lithographe;0;22913;22913;und;0;2;
node;imprimeur_lithographe;0;22914;22914;und;0;6;
node;imprimeur_lithographe;0;22915;22915;und;0;18;
node;imprimeur_lithographe;0;22916;22916;und;0;2;
node;imprimeur_lithographe;0;22918;22918;und;0;17;
node;imprimeur_lithographe;0;22919;22919;und;0;1;
node;imprimeur_lithographe;0;22920;22920;und;0;1;
node;imprimeur_lithographe;0;22921;22921;und;0;19;
node;imprimeur_lithographe;0;22922;22922;und;0;3;
node;imprimeur_lithographe;0;22923;22923;und;0;18;
node;imprimeur_lithographe;0;22924;22924;und;0;1;
node;imprimeur_lithographe;0;22925;22925;und;0;6;
node;imprimeur_lithographe;0;22926;22926;und;0;10;
node;imprimeur_lithographe;0;22927;22927;und;0;4;
node;imprimeur_lithographe;0;22928;22928;und;0;9;
node;imprimeur_lithographe;0;22930;22930;und;0;2;
node;imprimeur_lithographe;0;22931;22931;und;0;3;
node;imprimeur_lithographe;0;22932;22932;und;0;2;
node;imprimeur_lithographe;0;22933;22933;und;0;4;
node;imprimeur_lithographe;0;22934;22934;und;0;4;
node;imprimeur_lithographe;0;22935;22935;und;0;5;
node;imprimeur_lithographe;0;22936;22936;und;0;6;
node;imprimeur_lithographe;0;22937;22937;und;0;2;
node;imprimeur_lithographe;0;22938;22938;und;0;3;
node;imprimeur_lithographe;0;22939;22939;und;0;18;
node;imprimeur_lithographe;0;22940;22940;und;0;1;
node;imprimeur_lithographe;0;22941;22941;und;0;6;
node;imprimeur_lithographe;0;22942;22942;und;0;2;
node;imprimeur_lithographe;0;22943;22943;und;0;2;
node;imprimeur_lithographe;0;22944;22944;und;0;1;
node;imprimeur_lithographe;0;22945;22945;und;0;1;
node;imprimeur_lithographe;0;22946;22946;und;0;1;
node;imprimeur_lithographe;0;22947;22947;und;0;6;
node;imprimeur_lithographe;0;22948;22948;und;0;1;
node;imprimeur_lithographe;0;22949;22949;und;0;2;
node;imprimeur_lithographe;0;22950;22950;und;0;10;
node;imprimeur_lithographe;0;22951;22951;und;0;10;
node;imprimeur_lithographe;0;22952;22952;und;0;3;
node;imprimeur_lithographe;0;22953;22953;und;0;5;
node;imprimeur_lithographe;0;22954;22954;und;0;2;
node;imprimeur_lithographe;0;22955;22955;und;0;1;
node;imprimeur_lithographe;0;22956;22956;und;0;4;
node;imprimeur_lithographe;0;22957;22957;und;0;1;
node;imprimeur_lithographe;0;22958;22958;und;0;2;
node;imprimeur_lithographe;0;22959;22959;und;0;2;
node;imprimeur_lithographe;0;22960;22960;und;0;5;
node;imprimeur_lithographe;0;22961;22961;und;0;3;
node;imprimeur_lithographe;0;22962;22962;und;0;2;
node;imprimeur_lithographe;0;22963;22963;und;0;9;
node;imprimeur_lithographe;0;22964;22964;und;0;3;
node;imprimeur_lithographe;0;22965;22965;und;0;2;
node;imprimeur_lithographe;0;22966;22966;und;0;2;
node;imprimeur_lithographe;0;22967;22967;und;0;18;
node;imprimeur_lithographe;0;22968;22968;und;0;3;
node;imprimeur_lithographe;0;22969;22969;und;0;3;
node;imprimeur_lithographe;0;22970;22970;und;0;3;
node;imprimeur_lithographe;0;22972;22972;und;0;5;
node;imprimeur_lithographe;0;22973;22973;und;0;10;
node;imprimeur_lithographe;0;22977;22977;und;0;2;
node;imprimeur_lithographe;0;22978;22978;und;0;4;
node;imprimeur_lithographe;0;22979;22979;und;0;6;
node;imprimeur_lithographe;0;22980;22980;und;0;2;
node;imprimeur_lithographe;0;22981;22981;und;0;2;
node;imprimeur_lithographe;0;22983;22983;und;0;2;
node;imprimeur_lithographe;0;22984;22984;und;0;1;
node;imprimeur_lithographe;0;22985;22985;und;0;11;
node;imprimeur_lithographe;0;22986;22986;und;0;2;
node;imprimeur_lithographe;0;22987;22987;und;0;6;
node;imprimeur_lithographe;0;22990;22990;und;0;3;
node;imprimeur_lithographe;0;22991;22991;und;0;11;
node;imprimeur_lithographe;0;22992;22992;und;0;11;
node;imprimeur_lithographe;0;22993;22993;und;0;3;
node;imprimeur_lithographe;0;22994;22994;und;0;10;
node;imprimeur_lithographe;0;22996;22996;und;0;6;
node;imprimeur_lithographe;0;22997;22997;und;0;3;
node;imprimeur_lithographe;0;22998;22998;und;0;1;
node;imprimeur_lithographe;0;22999;22999;und;0;3;
node;imprimeur_lithographe;0;23000;23000;und;0;3;
node;imprimeur_lithographe;0;23001;23001;und;0;9;
node;imprimeur_lithographe;0;23002;23002;und;0;3;
node;imprimeur_lithographe;0;23004;23004;und;0;3;
node;imprimeur_lithographe;0;23005;23005;und;0;10;
node;imprimeur_lithographe;0;23006;23006;und;0;6;
node;imprimeur_lithographe;0;23007;23007;und;0;10;
node;imprimeur_lithographe;0;23008;23008;und;0;1;
node;imprimeur_lithographe;0;23009;23009;und;0;14;
node;imprimeur_lithographe;0;23010;23010;und;0;1;
node;imprimeur_lithographe;0;23011;23011;und;0;2;
node;imprimeur_lithographe;0;23013;23013;und;0;5;
node;imprimeur_lithographe;0;23014;23014;und;0;9;
node;imprimeur_lithographe;0;23016;23016;und;0;2;
node;imprimeur_lithographe;0;23017;23017;und;0;2;
node;imprimeur_lithographe;0;23018;23018;und;0;1;
node;imprimeur_lithographe;0;23019;23019;und;0;9;
node;imprimeur_lithographe;0;23020;23020;und;0;3;
node;imprimeur_lithographe;0;23022;23022;und;0;2;
node;imprimeur_lithographe;0;23023;23023;und;0;1;
node;imprimeur_lithographe;0;23025;23025;und;0;7;
node;imprimeur_lithographe;0;23026;23026;und;0;12;
node;imprimeur_lithographe;0;23027;23027;und;0;12;
node;imprimeur_lithographe;0;23030;23030;und;0;6;
node;imprimeur_lithographe;0;23031;23031;und;0;3;
node;imprimeur_lithographe;0;23032;23032;und;0;3;
node;imprimeur_lithographe;0;23033;23033;und;0;6;
node;imprimeur_lithographe;0;23034;23034;und;0;9;
node;imprimeur_lithographe;0;23035;23035;und;0;6;
node;imprimeur_lithographe;0;23036;23036;und;0;9;
node;imprimeur_lithographe;0;23037;23037;und;0;6;
node;imprimeur_lithographe;0;23040;23040;und;0;6;plain_text
node;imprimeur_lithographe;0;23041;23041;und;0;6;
node;imprimeur_lithographe;0;23042;23042;und;0;4;
node;imprimeur_lithographe;0;23043;23043;und;0;1;
node;imprimeur_lithographe;0;23044;23044;und;0;1;
node;imprimeur_lithographe;0;23045;23045;und;0;18;
node;imprimeur_lithographe;0;23046;23046;und;0;2;
node;imprimeur_lithographe;0;23047;23047;und;0;11;
node;imprimeur_lithographe;0;23049;23049;und;0;1;
node;imprimeur_lithographe;0;23050;23050;und;0;6;
node;imprimeur_lithographe;0;23052;23052;und;0;2;
node;imprimeur_lithographe;0;23053;23053;und;0;5;
node;imprimeur_lithographe;0;23054;23054;und;0;4;
node;imprimeur_lithographe;0;23055;23055;und;0;10;
node;imprimeur_lithographe;0;23057;23057;und;0;9;
node;imprimeur_lithographe;0;23058;23058;und;0;16;
node;imprimeur_lithographe;0;23060;23060;und;0;6;
node;imprimeur_lithographe;0;23062;23062;und;0;4;
node;imprimeur_lithographe;0;23063;23063;und;0;1;
node;imprimeur_lithographe;0;23064;23064;und;0;2;
node;imprimeur_lithographe;0;23065;23065;und;0;5;
node;imprimeur_lithographe;0;23066;23066;und;0;1;
node;imprimeur_lithographe;0;23067;23067;und;0;1;
node;imprimeur_lithographe;0;23068;23068;und;0;1;
node;imprimeur_lithographe;0;23069;23069;und;0;3;
node;imprimeur_lithographe;0;23070;23070;und;0;2;
node;imprimeur_lithographe;0;23071;23071;und;0;5;
node;imprimeur_lithographe;0;23075;23075;und;0;5;
node;imprimeur_lithographe;0;23077;23077;und;0;3;
node;imprimeur_lithographe;0;23078;23078;und;0;5;
node;imprimeur_lithographe;0;23079;23079;und;0;7;
node;imprimeur_lithographe;0;23080;23080;und;0;2;
node;imprimeur_lithographe;0;23081;23081;und;0;14;
node;imprimeur_lithographe;0;23082;23082;und;0;4;
node;imprimeur_lithographe;0;23083;23083;und;0;1;
node;imprimeur_lithographe;0;23084;23084;und;0;11;
node;imprimeur_lithographe;0;23085;23085;und;0;1;
node;imprimeur_lithographe;0;23086;23086;und;0;2;
node;imprimeur_lithographe;0;23087;23087;und;0;4;
node;imprimeur_lithographe;0;23088;23088;und;0;2;
node;imprimeur_lithographe;0;23089;23089;und;0;2;
node;imprimeur_lithographe;0;23090;23090;und;0;6;
node;imprimeur_lithographe;0;23091;23091;und;0;4;
node;imprimeur_lithographe;0;23092;23092;und;0;3;
node;imprimeur_lithographe;0;23093;23093;und;0;9;
node;imprimeur_lithographe;0;23095;23095;und;0;5;
node;imprimeur_lithographe;0;23097;23097;und;0;2;
node;imprimeur_lithographe;0;23098;23098;und;0;4;
node;imprimeur_lithographe;0;23099;23099;und;0;2;
node;imprimeur_lithographe;0;23100;23100;und;0;11;
node;imprimeur_lithographe;0;23101;23101;und;0;2;
node;imprimeur_lithographe;0;23102;23102;und;0;1;
node;imprimeur_lithographe;0;23103;23103;und;0;6;
node;imprimeur_lithographe;0;23104;23104;und;0;2;
node;imprimeur_lithographe;0;23105;23105;und;0;2;
node;imprimeur_lithographe;0;23106;23106;und;0;8;
node;imprimeur_lithographe;0;23107;23107;und;0;9;
node;imprimeur_lithographe;0;23108;23108;und;0;9;
node;imprimeur_lithographe;0;23109;23109;und;0;20;
node;imprimeur_lithographe;0;23110;23110;und;0;1;
node;imprimeur_lithographe;0;23111;23111;und;0;1;
node;imprimeur_lithographe;0;23112;23112;und;0;18;
node;imprimeur_lithographe;0;23113;23113;und;0;9;
node;imprimeur_lithographe;0;23114;23114;und;0;5;
node;imprimeur_lithographe;0;23116;23116;und;0;3;
node;imprimeur_lithographe;0;23117;23117;und;0;6;
node;imprimeur_lithographe;0;23118;23118;und;0;1;
node;imprimeur_lithographe;0;23119;23119;und;0;6;
node;imprimeur_lithographe;0;23120;23120;und;0;4;
node;imprimeur_lithographe;0;23121;23121;und;0;7;
node;imprimeur_lithographe;0;23122;23122;und;0;4;
node;imprimeur_lithographe;0;23123;23123;und;0;1;
node;imprimeur_lithographe;0;23124;23124;und;0;5;
node;imprimeur_lithographe;0;23125;23125;und;0;2;
node;imprimeur_lithographe;0;23129;23129;und;0;6;
node;imprimeur_lithographe;0;23130;23130;und;0;11;
node;imprimeur_lithographe;0;23131;23131;und;0;2;
node;imprimeur_lithographe;0;23132;23132;und;0;3;
node;imprimeur_lithographe;0;23133;23133;und;0;8;
node;imprimeur_lithographe;0;23134;23134;und;0;10;
node;imprimeur_lithographe;0;23135;23135;und;0;4;
node;imprimeur_lithographe;0;23136;23136;und;0;2;
node;imprimeur_lithographe;0;23137;23137;und;0;2;
node;imprimeur_lithographe;0;23139;23139;und;0;10;
node;imprimeur_lithographe;0;23140;23140;und;0;5;
node;imprimeur_lithographe;0;23141;23141;und;0;7;
node;imprimeur_lithographe;0;23142;23142;und;0;14;
node;imprimeur_lithographe;0;23144;23144;und;0;3;
node;imprimeur_lithographe;0;23145;23145;und;0;3;
node;imprimeur_lithographe;0;23146;23146;und;0;4;
node;imprimeur_lithographe;0;23147;23147;und;0;1;
node;imprimeur_lithographe;0;23148;23148;und;0;2;
node;imprimeur_lithographe;0;23149;23149;und;0;3;
node;imprimeur_lithographe;0;23150;23150;und;0;4;
node;imprimeur_lithographe;0;23152;23152;und;0;5;
node;imprimeur_lithographe;0;23153;23153;und;0;5;
node;imprimeur_lithographe;0;23154;23154;und;0;3;
node;imprimeur_lithographe;0;23155;23155;und;0;1;
node;imprimeur_lithographe;0;23156;23156;und;0;2;
node;imprimeur_lithographe;0;23157;23157;und;0;7;
node;imprimeur_lithographe;0;23158;23158;und;0;6;
node;imprimeur_lithographe;0;23159;23159;und;0;1;
node;imprimeur_lithographe;0;23160;23160;und;0;19;
node;imprimeur_lithographe;0;23161;23161;und;0;3;
node;imprimeur_lithographe;0;23162;23162;und;0;1;
node;imprimeur_lithographe;0;23163;23163;und;0;2;
node;imprimeur_lithographe;0;23164;23164;und;0;4;
node;imprimeur_lithographe;0;23165;23165;und;0;1;
node;imprimeur_lithographe;0;23166;23166;und;0;2;
node;imprimeur_lithographe;0;23167;23167;und;0;5;
node;imprimeur_lithographe;0;23168;23168;und;0;2;
node;imprimeur_lithographe;0;23170;23170;und;0;2;
node;imprimeur_lithographe;0;23171;23171;und;0;2;
node;imprimeur_lithographe;0;23172;23172;und;0;13;
node;imprimeur_lithographe;0;23173;23173;und;0;2;
node;imprimeur_lithographe;0;23174;23174;und;0;3;
node;imprimeur_lithographe;0;23176;23176;und;0;6;
node;imprimeur_lithographe;0;23177;23177;und;0;2;
node;imprimeur_lithographe;0;23178;23178;und;0;5;
node;imprimeur_lithographe;0;23179;23179;und;0;2;
node;imprimeur_lithographe;0;23180;23180;und;0;2;
node;imprimeur_lithographe;0;23181;23181;und;0;9;
node;imprimeur_lithographe;0;23182;23182;und;0;8;
node;imprimeur_lithographe;0;23184;23184;und;0;6;
node;imprimeur_lithographe;0;23185;23185;und;0;5;
node;imprimeur_lithographe;0;23186;23186;und;0;4;
node;imprimeur_lithographe;0;23187;23187;und;0;19;
node;imprimeur_lithographe;0;23188;23188;und;0;1;
node;imprimeur_lithographe;0;23189;23189;und;0;8;
node;imprimeur_lithographe;0;23190;23190;und;0;3;
node;imprimeur_lithographe;0;23191;23191;und;0;3;
node;imprimeur_lithographe;0;23192;23192;und;0;20;
node;imprimeur_lithographe;0;23194;23194;und;0;2;
node;imprimeur_lithographe;0;23195;23195;und;0;3;
node;imprimeur_lithographe;0;23196;23196;und;0;5;
node;imprimeur_lithographe;0;23197;23197;und;0;10;
node;imprimeur_lithographe;0;23199;23199;und;0;7;
node;imprimeur_lithographe;0;23200;23200;und;0;3;
node;imprimeur_lithographe;0;23202;23202;und;0;2;
node;imprimeur_lithographe;0;23203;23203;und;0;4;
node;imprimeur_lithographe;0;23204;23204;und;0;3;
node;imprimeur_lithographe;0;23206;23206;und;0;2;
node;imprimeur_lithographe;0;23207;23207;und;0;2;
node;imprimeur_lithographe;0;23208;23208;und;0;5;
node;imprimeur_lithographe;0;23275;23275;und;0;Bouches du Rhne;
node;imprimeur_lithographe;0;23276;23276;und;0;Haute-Marne;
node;imprimeur_lithographe;0;23277;23277;und;0;Aisne;
node;imprimeur_lithographe;0;23280;23280;und;0;Haute-Garonne;
node;imprimeur_lithographe;0;23283;23283;und;0;Meurthe;
node;imprimeur_lithographe;0;23284;23284;und;0;Seine et Marne;
node;imprimeur_lithographe;0;23285;23285;und;0;Indre;
node;imprimeur_lithographe;0;23290;23290;und;0;Aisne;
node;imprimeur_lithographe;0;23291;23291;und;0;Aisne;
node;imprimeur_lithographe;0;23292;23292;und;0;Aisne;
node;imprimeur_lithographe;0;23293;23293;und;0;Aisne;
node;imprimeur_lithographe;0;23294;23294;und;0;Aisne;
node;imprimeur_lithographe;0;23295;23295;und;0;Aisne;
node;imprimeur_lithographe;0;23296;23296;und;0;Aisne;
node;imprimeur_lithographe;0;23297;23297;und;0;Aisne;
node;imprimeur_lithographe;0;23298;23298;und;0;Aisne;
node;imprimeur_lithographe;0;23299;23299;und;0;Aisne;
node;imprimeur_lithographe;0;23300;23300;und;0;Aisne;
node;imprimeur_lithographe;0;23301;23301;und;0;Aisne;
node;imprimeur_lithographe;0;23302;23302;und;0;Aisne;
node;imprimeur_lithographe;0;23303;23303;und;0;Aisne;
node;imprimeur_lithographe;0;23304;23304;und;0;Aisne;
node;imprimeur_lithographe;0;23305;23305;und;0;Aisne;
node;imprimeur_lithographe;0;23306;23306;und;0;Aisne;
node;imprimeur_lithographe;0;23307;23307;und;0;Aisne;
node;imprimeur_lithographe;0;23308;23308;und;0;Aisne;
node;imprimeur_lithographe;0;23309;23309;und;0;Aisne;
node;imprimeur_lithographe;0;23310;23310;und;0;Aisne;
node;imprimeur_lithographe;0;23311;23311;und;0;Aisne;
node;imprimeur_lithographe;0;23312;23312;und;0;Aisne;
node;imprimeur_lithographe;0;23313;23313;und;0;Aisne;
node;imprimeur_lithographe;0;23314;23314;und;0;Aisne;
node;imprimeur_lithographe;0;23315;23315;und;0;Aisne;
node;imprimeur_lithographe;0;23316;23316;und;0;Aisne;
node;imprimeur_lithographe;0;23317;23317;und;0;Aisne;
node;imprimeur_lithographe;0;23319;23319;und;0;Hautes-Alpes;
node;imprimeur_lithographe;0;23320;23320;und;0;Hautes-Alpes;
node;imprimeur_lithographe;0;23321;23321;und;0;Haute-Alpes;
node;imprimeur_lithographe;0;23322;23322;und;0;Alpes-Maritimes;
node;imprimeur_lithographe;0;23323;23323;und;0;Alpes-Maritimes;
node;imprimeur_lithographe;0;23324;23324;und;0;Alpes-Maritimes;
node;imprimeur_lithographe;0;23325;23325;und;0;Alpes-Maritimes;
node;imprimeur_lithographe;0;23326;23326;und;0;Alpes-Maritimes;
node;imprimeur_lithographe;0;23327;23327;und;0;Alpes-Maritimes;
node;imprimeur_lithographe;0;23330;23330;und;0;Aisne;
node;imprimeur_lithographe;0;23331;23331;und;0;Aisne;
node;imprimeur_lithographe;0;23332;23332;und;0;Aisne;
node;imprimeur_lithographe;0;23333;23333;und;0;Aisne;
node;imprimeur_lithographe;0;23335;23335;und;0;Aisne;
node;imprimeur_lithographe;0;23336;23336;und;0;Aisne;
node;imprimeur_lithographe;0;23337;23337;und;0;Aisne;
node;imprimeur_lithographe;0;23338;23338;und;0;Aisne;
node;imprimeur_lithographe;0;23339;23339;und;0;Aisne;
node;imprimeur_lithographe;0;23344;23344;und;0;Aisne;
node;imprimeur_lithographe;0;23345;23345;und;0;Aisne;
node;imprimeur_lithographe;0;23346;23346;und;0;Aisne;
node;imprimeur_lithographe;0;23347;23347;und;0;Aisne;
node;imprimeur_lithographe;0;23348;23348;und;0;Aisne;
node;imprimeur_lithographe;0;23350;23350;und;0;Aisne;
node;imprimeur_lithographe;0;23352;23352;und;0;Aisne;
node;imprimeur_lithographe;0;23353;23353;und;0;Aisne;
node;imprimeur_lithographe;0;23354;23354;und;0;Aisne;
node;imprimeur_lithographe;0;23355;23355;und;0;Aisne;
